descriptor_id,source_seq,module_path,op,mapping,total_cycles,base_total_cycles,fallback_cycles,vector_cycles,activation_read_cycles,weight_read_cycles,write_cycles,snapshot_cycles,requant_cycles,valid_mac_count,tile_count,activation_bytes,weight_bytes,output_bytes,active_pe_cycles,serial_total_cycles,compute_cycles,base_write_cycles,bias_cycles,write_coalesced,mode
0,0,text_encoder.bert.embeddings.LayerNorm,LAYER_NORM,aux_behavior,8064,8064,8064,8064,4032,0,4032,0,0,0,0,64512,0,64512,0,,,,,,
1,1,text_encoder.bert.encoder.layer.0.attention.self.query,GEMM_W8A8,rtl_gemm,12560,27920,0,,12288,12288,1008,64,1008,12386304,16,16128,589824,16128,6193152,27920,12544,1008,1008,False,double_buffer
2,2,text_encoder.bert.encoder.layer.0.attention.self.key,GEMM_W8A8,rtl_gemm,12560,27920,0,,12288,12288,1008,64,1008,12386304,16,16128,589824,16128,6193152,27920,12544,1008,1008,False,double_buffer
3,3,text_encoder.bert.encoder.layer.0.attention.self.value,GEMM_W8A8,rtl_gemm,12560,27920,0,,12288,12288,1008,64,1008,12386304,16,16128,589824,16128,6193152,27920,12544,1008,1008,False,double_buffer
4,4,text_encoder.bert.encoder.layer.0.attention.output.dense,GEMM_W8A8,rtl_gemm,12560,27920,0,,12288,12288,1008,64,1008,12386304,16,16128,589824,16128,6193152,27920,12544,1008,1008,False,double_buffer
5,5,text_encoder.bert.encoder.layer.0.attention.output.LayerNorm,LAYER_NORM,aux_behavior,8064,8064,8064,8064,4032,0,4032,0,0,0,0,64512,0,64512,0,,,,,,
6,6,text_encoder.bert.encoder.layer.0.intermediate.dense,GEMM_W8A8,rtl_gemm,50192,111680,0,,49152,49152,4032,256,4032,49545216,64,16128,2359296,64512,24772608,111680,50176,4032,4032,False,double_buffer
7,7,text_encoder.bert.encoder.layer.0.output.dense,GEMM_W8A8,rtl_gemm,49424,101648,0,,49152,49152,1008,64,1008,49545216,16,64512,2359296,16128,24772608,101648,49408,1008,1008,False,double_buffer
8,8,text_encoder.bert.encoder.layer.0.output.LayerNorm,LAYER_NORM,aux_behavior,8064,8064,8064,8064,4032,0,4032,0,0,0,0,64512,0,64512,0,,,,,,
9,9,text_encoder.bert.encoder.layer.1.attention.self.query,GEMM_W8A8,rtl_gemm,12560,27920,0,,12288,12288,1008,64,1008,12386304,16,16128,589824,16128,6193152,27920,12544,1008,1008,False,double_buffer
10,10,text_encoder.bert.encoder.layer.1.attention.self.key,GEMM_W8A8,rtl_gemm,12560,27920,0,,12288,12288,1008,64,1008,12386304,16,16128,589824,16128,6193152,27920,12544,1008,1008,False,double_buffer
11,11,text_encoder.bert.encoder.layer.1.attention.self.value,GEMM_W8A8,rtl_gemm,12560,27920,0,,12288,12288,1008,64,1008,12386304,16,16128,589824,16128,6193152,27920,12544,1008,1008,False,double_buffer
12,12,text_encoder.bert.encoder.layer.1.attention.output.dense,GEMM_W8A8,rtl_gemm,12560,27920,0,,12288,12288,1008,64,1008,12386304,16,16128,589824,16128,6193152,27920,12544,1008,1008,False,double_buffer
13,13,text_encoder.bert.encoder.layer.1.attention.output.LayerNorm,LAYER_NORM,aux_behavior,8064,8064,8064,8064,4032,0,4032,0,0,0,0,64512,0,64512,0,,,,,,
14,14,text_encoder.bert.encoder.layer.1.intermediate.dense,GEMM_W8A8,rtl_gemm,50192,111680,0,,49152,49152,4032,256,4032,49545216,64,16128,2359296,64512,24772608,111680,50176,4032,4032,False,double_buffer
15,15,text_encoder.bert.encoder.layer.1.output.dense,GEMM_W8A8,rtl_gemm,49424,101648,0,,49152,49152,1008,64,1008,49545216,16,64512,2359296,16128,24772608,101648,49408,1008,1008,False,double_buffer
16,16,text_encoder.bert.encoder.layer.1.output.LayerNorm,LAYER_NORM,aux_behavior,8064,8064,8064,8064,4032,0,4032,0,0,0,0,64512,0,64512,0,,,,,,
17,17,text_encoder.bert.encoder.layer.2.attention.self.query,GEMM_W8A8,rtl_gemm,12560,27920,0,,12288,12288,1008,64,1008,12386304,16,16128,589824,16128,6193152,27920,12544,1008,1008,False,double_buffer
18,18,text_encoder.bert.encoder.layer.2.attention.self.key,GEMM_W8A8,rtl_gemm,12560,27920,0,,12288,12288,1008,64,1008,12386304,16,16128,589824,16128,6193152,27920,12544,1008,1008,False,double_buffer
19,19,text_encoder.bert.encoder.layer.2.attention.self.value,GEMM_W8A8,rtl_gemm,12560,27920,0,,12288,12288,1008,64,1008,12386304,16,16128,589824,16128,6193152,27920,12544,1008,1008,False,double_buffer
20,20,text_encoder.bert.encoder.layer.2.attention.output.dense,GEMM_W8A8,rtl_gemm,12560,27920,0,,12288,12288,1008,64,1008,12386304,16,16128,589824,16128,6193152,27920,12544,1008,1008,False,double_buffer
21,21,text_encoder.bert.encoder.layer.2.attention.output.LayerNorm,LAYER_NORM,aux_behavior,8064,8064,8064,8064,4032,0,4032,0,0,0,0,64512,0,64512,0,,,,,,
22,22,text_encoder.bert.encoder.layer.2.intermediate.dense,GEMM_W8A8,rtl_gemm,50192,111680,0,,49152,49152,4032,256,4032,49545216,64,16128,2359296,64512,24772608,111680,50176,4032,4032,False,double_buffer
23,23,text_encoder.bert.encoder.layer.2.output.dense,GEMM_W8A8,rtl_gemm,49424,101648,0,,49152,49152,1008,64,1008,49545216,16,64512,2359296,16128,24772608,101648,49408,1008,1008,False,double_buffer
24,24,text_encoder.bert.encoder.layer.2.output.LayerNorm,LAYER_NORM,aux_behavior,8064,8064,8064,8064,4032,0,4032,0,0,0,0,64512,0,64512,0,,,,,,
25,25,text_encoder.bert.encoder.layer.3.attention.self.query,GEMM_W8A8,rtl_gemm,12560,27920,0,,12288,12288,1008,64,1008,12386304,16,16128,589824,16128,6193152,27920,12544,1008,1008,False,double_buffer
26,26,text_encoder.bert.encoder.layer.3.attention.self.key,GEMM_W8A8,rtl_gemm,12560,27920,0,,12288,12288,1008,64,1008,12386304,16,16128,589824,16128,6193152,27920,12544,1008,1008,False,double_buffer
27,27,text_encoder.bert.encoder.layer.3.attention.self.value,GEMM_W8A8,rtl_gemm,12560,27920,0,,12288,12288,1008,64,1008,12386304,16,16128,589824,16128,6193152,27920,12544,1008,1008,False,double_buffer
28,28,text_encoder.bert.encoder.layer.3.attention.output.dense,GEMM_W8A8,rtl_gemm,12560,27920,0,,12288,12288,1008,64,1008,12386304,16,16128,589824,16128,6193152,27920,12544,1008,1008,False,double_buffer
29,29,text_encoder.bert.encoder.layer.3.attention.output.LayerNorm,LAYER_NORM,aux_behavior,8064,8064,8064,8064,4032,0,4032,0,0,0,0,64512,0,64512,0,,,,,,
30,30,text_encoder.bert.encoder.layer.3.intermediate.dense,GEMM_W8A8,rtl_gemm,50192,111680,0,,49152,49152,4032,256,4032,49545216,64,16128,2359296,64512,24772608,111680,50176,4032,4032,False,double_buffer
31,31,text_encoder.bert.encoder.layer.3.output.dense,GEMM_W8A8,rtl_gemm,49424,101648,0,,49152,49152,1008,64,1008,49545216,16,64512,2359296,16128,24772608,101648,49408,1008,1008,False,double_buffer
32,32,text_encoder.bert.encoder.layer.3.output.LayerNorm,LAYER_NORM,aux_behavior,8064,8064,8064,8064,4032,0,4032,0,0,0,0,64512,0,64512,0,,,,,,
33,33,text_encoder.bert.encoder.layer.4.attention.self.query,GEMM_W8A8,rtl_gemm,12560,27920,0,,12288,12288,1008,64,1008,12386304,16,16128,589824,16128,6193152,27920,12544,1008,1008,False,double_buffer
34,34,text_encoder.bert.encoder.layer.4.attention.self.key,GEMM_W8A8,rtl_gemm,12560,27920,0,,12288,12288,1008,64,1008,12386304,16,16128,589824,16128,6193152,27920,12544,1008,1008,False,double_buffer
35,35,text_encoder.bert.encoder.layer.4.attention.self.value,GEMM_W8A8,rtl_gemm,12560,27920,0,,12288,12288,1008,64,1008,12386304,16,16128,589824,16128,6193152,27920,12544,1008,1008,False,double_buffer
36,36,text_encoder.bert.encoder.layer.4.attention.output.dense,GEMM_W8A8,rtl_gemm,12560,27920,0,,12288,12288,1008,64,1008,12386304,16,16128,589824,16128,6193152,27920,12544,1008,1008,False,double_buffer
37,37,text_encoder.bert.encoder.layer.4.attention.output.LayerNorm,LAYER_NORM,aux_behavior,8064,8064,8064,8064,4032,0,4032,0,0,0,0,64512,0,64512,0,,,,,,
38,38,text_encoder.bert.encoder.layer.4.intermediate.dense,GEMM_W8A8,rtl_gemm,50192,111680,0,,49152,49152,4032,256,4032,49545216,64,16128,2359296,64512,24772608,111680,50176,4032,4032,False,double_buffer
39,39,text_encoder.bert.encoder.layer.4.output.dense,GEMM_W8A8,rtl_gemm,49424,101648,0,,49152,49152,1008,64,1008,49545216,16,64512,2359296,16128,24772608,101648,49408,1008,1008,False,double_buffer
40,40,text_encoder.bert.encoder.layer.4.output.LayerNorm,LAYER_NORM,aux_behavior,8064,8064,8064,8064,4032,0,4032,0,0,0,0,64512,0,64512,0,,,,,,
41,41,text_encoder.bert.encoder.layer.5.attention.self.query,GEMM_W8A8,rtl_gemm,12560,27920,0,,12288,12288,1008,64,1008,12386304,16,16128,589824,16128,6193152,27920,12544,1008,1008,False,double_buffer
42,42,text_encoder.bert.encoder.layer.5.attention.self.key,GEMM_W8A8,rtl_gemm,12560,27920,0,,12288,12288,1008,64,1008,12386304,16,16128,589824,16128,6193152,27920,12544,1008,1008,False,double_buffer
43,43,text_encoder.bert.encoder.layer.5.attention.self.value,GEMM_W8A8,rtl_gemm,12560,27920,0,,12288,12288,1008,64,1008,12386304,16,16128,589824,16128,6193152,27920,12544,1008,1008,False,double_buffer
44,44,text_encoder.bert.encoder.layer.5.attention.output.dense,GEMM_W8A8,rtl_gemm,12560,27920,0,,12288,12288,1008,64,1008,12386304,16,16128,589824,16128,6193152,27920,12544,1008,1008,False,double_buffer
45,45,text_encoder.bert.encoder.layer.5.attention.output.LayerNorm,LAYER_NORM,aux_behavior,8064,8064,8064,8064,4032,0,4032,0,0,0,0,64512,0,64512,0,,,,,,
46,46,text_encoder.bert.encoder.layer.5.intermediate.dense,GEMM_W8A8,rtl_gemm,50192,111680,0,,49152,49152,4032,256,4032,49545216,64,16128,2359296,64512,24772608,111680,50176,4032,4032,False,double_buffer
47,47,text_encoder.bert.encoder.layer.5.output.dense,GEMM_W8A8,rtl_gemm,49424,101648,0,,49152,49152,1008,64,1008,49545216,16,64512,2359296,16128,24772608,101648,49408,1008,1008,False,double_buffer
48,48,text_encoder.bert.encoder.layer.5.output.LayerNorm,LAYER_NORM,aux_behavior,8064,8064,8064,8064,4032,0,4032,0,0,0,0,64512,0,64512,0,,,,,,
49,49,text_encoder.bert.encoder.layer.6.attention.self.query,GEMM_W8A8,rtl_gemm,12560,27920,0,,12288,12288,1008,64,1008,12386304,16,16128,589824,16128,6193152,27920,12544,1008,1008,False,double_buffer
50,50,text_encoder.bert.encoder.layer.6.attention.self.key,GEMM_W8A8,rtl_gemm,12560,27920,0,,12288,12288,1008,64,1008,12386304,16,16128,589824,16128,6193152,27920,12544,1008,1008,False,double_buffer
51,51,text_encoder.bert.encoder.layer.6.attention.self.value,GEMM_W8A8,rtl_gemm,12560,27920,0,,12288,12288,1008,64,1008,12386304,16,16128,589824,16128,6193152,27920,12544,1008,1008,False,double_buffer
52,52,text_encoder.bert.encoder.layer.6.attention.output.dense,GEMM_W8A8,rtl_gemm,12560,27920,0,,12288,12288,1008,64,1008,12386304,16,16128,589824,16128,6193152,27920,12544,1008,1008,False,double_buffer
53,53,text_encoder.bert.encoder.layer.6.attention.output.LayerNorm,LAYER_NORM,aux_behavior,8064,8064,8064,8064,4032,0,4032,0,0,0,0,64512,0,64512,0,,,,,,
54,54,text_encoder.bert.encoder.layer.6.intermediate.dense,GEMM_W8A8,rtl_gemm,50192,111680,0,,49152,49152,4032,256,4032,49545216,64,16128,2359296,64512,24772608,111680,50176,4032,4032,False,double_buffer
55,55,text_encoder.bert.encoder.layer.6.output.dense,GEMM_W8A8,rtl_gemm,49424,101648,0,,49152,49152,1008,64,1008,49545216,16,64512,2359296,16128,24772608,101648,49408,1008,1008,False,double_buffer
56,56,text_encoder.bert.encoder.layer.6.output.LayerNorm,LAYER_NORM,aux_behavior,8064,8064,8064,8064,4032,0,4032,0,0,0,0,64512,0,64512,0,,,,,,
57,57,text_encoder.bert.encoder.layer.7.attention.self.query,GEMM_W8A8,rtl_gemm,12560,27920,0,,12288,12288,1008,64,1008,12386304,16,16128,589824,16128,6193152,27920,12544,1008,1008,False,double_buffer
58,58,text_encoder.bert.encoder.layer.7.attention.self.key,GEMM_W8A8,rtl_gemm,12560,27920,0,,12288,12288,1008,64,1008,12386304,16,16128,589824,16128,6193152,27920,12544,1008,1008,False,double_buffer
59,59,text_encoder.bert.encoder.layer.7.attention.self.value,GEMM_W8A8,rtl_gemm,12560,27920,0,,12288,12288,1008,64,1008,12386304,16,16128,589824,16128,6193152,27920,12544,1008,1008,False,double_buffer
60,60,text_encoder.bert.encoder.layer.7.attention.output.dense,GEMM_W8A8,rtl_gemm,12560,27920,0,,12288,12288,1008,64,1008,12386304,16,16128,589824,16128,6193152,27920,12544,1008,1008,False,double_buffer
61,61,text_encoder.bert.encoder.layer.7.attention.output.LayerNorm,LAYER_NORM,aux_behavior,8064,8064,8064,8064,4032,0,4032,0,0,0,0,64512,0,64512,0,,,,,,
62,62,text_encoder.bert.encoder.layer.7.intermediate.dense,GEMM_W8A8,rtl_gemm,50192,111680,0,,49152,49152,4032,256,4032,49545216,64,16128,2359296,64512,24772608,111680,50176,4032,4032,False,double_buffer
63,63,text_encoder.bert.encoder.layer.7.output.dense,GEMM_W8A8,rtl_gemm,49424,101648,0,,49152,49152,1008,64,1008,49545216,16,64512,2359296,16128,24772608,101648,49408,1008,1008,False,double_buffer
64,64,text_encoder.bert.encoder.layer.7.output.LayerNorm,LAYER_NORM,aux_behavior,8064,8064,8064,8064,4032,0,4032,0,0,0,0,64512,0,64512,0,,,,,,
65,65,text_encoder.bert.encoder.layer.8.attention.self.query,GEMM_W8A8,rtl_gemm,12560,27920,0,,12288,12288,1008,64,1008,12386304,16,16128,589824,16128,6193152,27920,12544,1008,1008,False,double_buffer
66,66,text_encoder.bert.encoder.layer.8.attention.self.key,GEMM_W8A8,rtl_gemm,12560,27920,0,,12288,12288,1008,64,1008,12386304,16,16128,589824,16128,6193152,27920,12544,1008,1008,False,double_buffer
67,67,text_encoder.bert.encoder.layer.8.attention.self.value,GEMM_W8A8,rtl_gemm,12560,27920,0,,12288,12288,1008,64,1008,12386304,16,16128,589824,16128,6193152,27920,12544,1008,1008,False,double_buffer
68,68,text_encoder.bert.encoder.layer.8.attention.output.dense,GEMM_W8A8,rtl_gemm,12560,27920,0,,12288,12288,1008,64,1008,12386304,16,16128,589824,16128,6193152,27920,12544,1008,1008,False,double_buffer
69,69,text_encoder.bert.encoder.layer.8.attention.output.LayerNorm,LAYER_NORM,aux_behavior,8064,8064,8064,8064,4032,0,4032,0,0,0,0,64512,0,64512,0,,,,,,
70,70,text_encoder.bert.encoder.layer.8.intermediate.dense,GEMM_W8A8,rtl_gemm,50192,111680,0,,49152,49152,4032,256,4032,49545216,64,16128,2359296,64512,24772608,111680,50176,4032,4032,False,double_buffer
71,71,text_encoder.bert.encoder.layer.8.output.dense,GEMM_W8A8,rtl_gemm,49424,101648,0,,49152,49152,1008,64,1008,49545216,16,64512,2359296,16128,24772608,101648,49408,1008,1008,False,double_buffer
72,72,text_encoder.bert.encoder.layer.8.output.LayerNorm,LAYER_NORM,aux_behavior,8064,8064,8064,8064,4032,0,4032,0,0,0,0,64512,0,64512,0,,,,,,
73,73,text_encoder.bert.encoder.layer.9.attention.self.query,GEMM_W8A8,rtl_gemm,12560,27920,0,,12288,12288,1008,64,1008,12386304,16,16128,589824,16128,6193152,27920,12544,1008,1008,False,double_buffer
74,74,text_encoder.bert.encoder.layer.9.attention.self.key,GEMM_W8A8,rtl_gemm,12560,27920,0,,12288,12288,1008,64,1008,12386304,16,16128,589824,16128,6193152,27920,12544,1008,1008,False,double_buffer
75,75,text_encoder.bert.encoder.layer.9.attention.self.value,GEMM_W8A8,rtl_gemm,12560,27920,0,,12288,12288,1008,64,1008,12386304,16,16128,589824,16128,6193152,27920,12544,1008,1008,False,double_buffer
76,76,text_encoder.bert.encoder.layer.9.attention.output.dense,GEMM_W8A8,rtl_gemm,12560,27920,0,,12288,12288,1008,64,1008,12386304,16,16128,589824,16128,6193152,27920,12544,1008,1008,False,double_buffer
77,77,text_encoder.bert.encoder.layer.9.attention.output.LayerNorm,LAYER_NORM,aux_behavior,8064,8064,8064,8064,4032,0,4032,0,0,0,0,64512,0,64512,0,,,,,,
78,78,text_encoder.bert.encoder.layer.9.intermediate.dense,GEMM_W8A8,rtl_gemm,50192,111680,0,,49152,49152,4032,256,4032,49545216,64,16128,2359296,64512,24772608,111680,50176,4032,4032,False,double_buffer
79,79,text_encoder.bert.encoder.layer.9.output.dense,GEMM_W8A8,rtl_gemm,49424,101648,0,,49152,49152,1008,64,1008,49545216,16,64512,2359296,16128,24772608,101648,49408,1008,1008,False,double_buffer
80,80,text_encoder.bert.encoder.layer.9.output.LayerNorm,LAYER_NORM,aux_behavior,8064,8064,8064,8064,4032,0,4032,0,0,0,0,64512,0,64512,0,,,,,,
81,81,text_encoder.bert.encoder.layer.10.attention.self.query,GEMM_W8A8,rtl_gemm,12560,27920,0,,12288,12288,1008,64,1008,12386304,16,16128,589824,16128,6193152,27920,12544,1008,1008,False,double_buffer
82,82,text_encoder.bert.encoder.layer.10.attention.self.key,GEMM_W8A8,rtl_gemm,12560,27920,0,,12288,12288,1008,64,1008,12386304,16,16128,589824,16128,6193152,27920,12544,1008,1008,False,double_buffer
83,83,text_encoder.bert.encoder.layer.10.attention.self.value,GEMM_W8A8,rtl_gemm,12560,27920,0,,12288,12288,1008,64,1008,12386304,16,16128,589824,16128,6193152,27920,12544,1008,1008,False,double_buffer
84,84,text_encoder.bert.encoder.layer.10.attention.output.dense,GEMM_W8A8,rtl_gemm,12560,27920,0,,12288,12288,1008,64,1008,12386304,16,16128,589824,16128,6193152,27920,12544,1008,1008,False,double_buffer
85,85,text_encoder.bert.encoder.layer.10.attention.output.LayerNorm,LAYER_NORM,aux_behavior,8064,8064,8064,8064,4032,0,4032,0,0,0,0,64512,0,64512,0,,,,,,
86,86,text_encoder.bert.encoder.layer.10.intermediate.dense,GEMM_W8A8,rtl_gemm,50192,111680,0,,49152,49152,4032,256,4032,49545216,64,16128,2359296,64512,24772608,111680,50176,4032,4032,False,double_buffer
87,87,text_encoder.bert.encoder.layer.10.output.dense,GEMM_W8A8,rtl_gemm,49424,101648,0,,49152,49152,1008,64,1008,49545216,16,64512,2359296,16128,24772608,101648,49408,1008,1008,False,double_buffer
88,88,text_encoder.bert.encoder.layer.10.output.LayerNorm,LAYER_NORM,aux_behavior,8064,8064,8064,8064,4032,0,4032,0,0,0,0,64512,0,64512,0,,,,,,
89,89,text_encoder.bert.encoder.layer.11.attention.self.query,GEMM_W8A8,rtl_gemm,12560,27920,0,,12288,12288,1008,64,1008,12386304,16,16128,589824,16128,6193152,27920,12544,1008,1008,False,double_buffer
90,90,text_encoder.bert.encoder.layer.11.attention.self.key,GEMM_W8A8,rtl_gemm,12560,27920,0,,12288,12288,1008,64,1008,12386304,16,16128,589824,16128,6193152,27920,12544,1008,1008,False,double_buffer
91,91,text_encoder.bert.encoder.layer.11.attention.self.value,GEMM_W8A8,rtl_gemm,12560,27920,0,,12288,12288,1008,64,1008,12386304,16,16128,589824,16128,6193152,27920,12544,1008,1008,False,double_buffer
92,92,text_encoder.bert.encoder.layer.11.attention.output.dense,GEMM_W8A8,rtl_gemm,12560,27920,0,,12288,12288,1008,64,1008,12386304,16,16128,589824,16128,6193152,27920,12544,1008,1008,False,double_buffer
93,93,text_encoder.bert.encoder.layer.11.attention.output.LayerNorm,LAYER_NORM,aux_behavior,8064,8064,8064,8064,4032,0,4032,0,0,0,0,64512,0,64512,0,,,,,,
94,94,text_encoder.bert.encoder.layer.11.intermediate.dense,GEMM_W8A8,rtl_gemm,50192,111680,0,,49152,49152,4032,256,4032,49545216,64,16128,2359296,64512,24772608,111680,50176,4032,4032,False,double_buffer
95,95,text_encoder.bert.encoder.layer.11.output.dense,GEMM_W8A8,rtl_gemm,49424,101648,0,,49152,49152,1008,64,1008,49545216,16,64512,2359296,16128,24772608,101648,49408,1008,1008,False,double_buffer
96,96,text_encoder.bert.encoder.layer.11.output.LayerNorm,LAYER_NORM,aux_behavior,8064,8064,8064,8064,4032,0,4032,0,0,0,0,64512,0,64512,0,,,,,,
97,97,text_encoder.bert.pooler.dense,GEMM_W8A8,rtl_gemm,6288,12592,0,,6144,6144,48,32,48,589824,8,768,589824,768,294912,12592,6272,48,48,False,double_buffer
98,98,text_encoder.text_projection,GEMM_W8A8,rtl_gemm,4720,10344,0,,4608,4608,336,24,336,4128768,6,16128,196608,5376,2064384,10344,4704,336,336,False,double_buffer
99,99,vision_encoder.backbone.embeddings.patch_embeddings,AUX_EVENT,aux_behavior,147456,147456,147456,0,49152,0,24576,0,0,0,0,786432,0,393216,0,,,,,,
100,100,vision_encoder.backbone.layer.0.norm1,LAYER_NORM,aux_behavior,100224,100224,100224,100224,50112,0,50112,0,0,0,0,801792,0,801792,0,,,,,,
101,101,vision_encoder.backbone.layer.0.attention.q_proj,GEMM_W8A8,rtl_gemm,106640,249200,0,,104448,104448,12528,544,12528,153944064,136,200448,589824,200448,76972032,249200,106624,12528,12528,False,double_buffer
102,102,vision_encoder.backbone.layer.0.attention.k_proj,GEMM_W8A8,rtl_gemm,106640,236672,0,,104448,104448,12528,544,12528,153944064,136,200448,589824,200448,76972032,236672,106624,12528,0,False,double_buffer
103,103,vision_encoder.backbone.layer.0.attention.v_proj,GEMM_W8A8,rtl_gemm,106640,249200,0,,104448,104448,12528,544,12528,153944064,136,200448,589824,200448,76972032,249200,106624,12528,12528,False,double_buffer
104,104,vision_encoder.backbone.layer.0.attention.o_proj,GEMM_W8A8,rtl_gemm,106640,249200,0,,104448,104448,12528,544,12528,153944064,136,200448,589824,200448,76972032,249200,106624,12528,12528,False,double_buffer
105,105,vision_encoder.backbone.layer.0.norm2,LAYER_NORM,aux_behavior,100224,100224,100224,100224,50112,0,50112,0,0,0,0,801792,0,801792,0,,,,,,
106,106,vision_encoder.backbone.layer.0.mlp.up_proj,GEMM_W8A8,rtl_gemm,426512,996800,0,,417792,417792,50112,2176,50112,615776256,544,200448,2359296,801792,307888128,996800,426496,50112,50112,False,double_buffer
107,107,vision_encoder.backbone.layer.0.mlp.down_proj,GEMM_W8A8,rtl_gemm,419984,875888,0,,417792,417792,12528,544,12528,615776256,136,801792,2359296,200448,307888128,875888,419968,12528,12528,False,double_buffer
108,108,vision_encoder.backbone.layer.1.norm1,LAYER_NORM,aux_behavior,100224,100224,100224,100224,50112,0,50112,0,0,0,0,801792,0,801792,0,,,,,,
109,109,vision_encoder.backbone.layer.1.attention.q_proj,GEMM_W8A8,rtl_gemm,106640,249200,0,,104448,104448,12528,544,12528,153944064,136,200448,589824,200448,76972032,249200,106624,12528,12528,False,double_buffer
110,110,vision_encoder.backbone.layer.1.attention.k_proj,GEMM_W8A8,rtl_gemm,106640,236672,0,,104448,104448,12528,544,12528,153944064,136,200448,589824,200448,76972032,236672,106624,12528,0,False,double_buffer
111,111,vision_encoder.backbone.layer.1.attention.v_proj,GEMM_W8A8,rtl_gemm,106640,249200,0,,104448,104448,12528,544,12528,153944064,136,200448,589824,200448,76972032,249200,106624,12528,12528,False,double_buffer
112,112,vision_encoder.backbone.layer.1.attention.o_proj,GEMM_W8A8,rtl_gemm,106640,249200,0,,104448,104448,12528,544,12528,153944064,136,200448,589824,200448,76972032,249200,106624,12528,12528,False,double_buffer
113,113,vision_encoder.backbone.layer.1.norm2,LAYER_NORM,aux_behavior,100224,100224,100224,100224,50112,0,50112,0,0,0,0,801792,0,801792,0,,,,,,
114,114,vision_encoder.backbone.layer.1.mlp.up_proj,GEMM_W8A8,rtl_gemm,426512,996800,0,,417792,417792,50112,2176,50112,615776256,544,200448,2359296,801792,307888128,996800,426496,50112,50112,False,double_buffer
115,115,vision_encoder.backbone.layer.1.mlp.down_proj,GEMM_W8A8,rtl_gemm,419984,875888,0,,417792,417792,12528,544,12528,615776256,136,801792,2359296,200448,307888128,875888,419968,12528,12528,False,double_buffer
116,116,vision_encoder.backbone.layer.2.norm1,LAYER_NORM,aux_behavior,100224,100224,100224,100224,50112,0,50112,0,0,0,0,801792,0,801792,0,,,,,,
117,117,vision_encoder.backbone.layer.2.attention.q_proj,GEMM_W8A8,rtl_gemm,106640,249200,0,,104448,104448,12528,544,12528,153944064,136,200448,589824,200448,76972032,249200,106624,12528,12528,False,double_buffer
118,118,vision_encoder.backbone.layer.2.attention.k_proj,GEMM_W8A8,rtl_gemm,106640,236672,0,,104448,104448,12528,544,12528,153944064,136,200448,589824,200448,76972032,236672,106624,12528,0,False,double_buffer
119,119,vision_encoder.backbone.layer.2.attention.v_proj,GEMM_W8A8,rtl_gemm,106640,249200,0,,104448,104448,12528,544,12528,153944064,136,200448,589824,200448,76972032,249200,106624,12528,12528,False,double_buffer
120,120,vision_encoder.backbone.layer.2.attention.o_proj,GEMM_W8A8,rtl_gemm,106640,249200,0,,104448,104448,12528,544,12528,153944064,136,200448,589824,200448,76972032,249200,106624,12528,12528,False,double_buffer
121,121,vision_encoder.backbone.layer.2.norm2,LAYER_NORM,aux_behavior,100224,100224,100224,100224,50112,0,50112,0,0,0,0,801792,0,801792,0,,,,,,
122,122,vision_encoder.backbone.layer.2.mlp.up_proj,GEMM_W8A8,rtl_gemm,426512,996800,0,,417792,417792,50112,2176,50112,615776256,544,200448,2359296,801792,307888128,996800,426496,50112,50112,False,double_buffer
123,123,vision_encoder.backbone.layer.2.mlp.down_proj,GEMM_W8A8,rtl_gemm,419984,875888,0,,417792,417792,12528,544,12528,615776256,136,801792,2359296,200448,307888128,875888,419968,12528,12528,False,double_buffer
124,124,vision_encoder.backbone.layer.3.norm1,LAYER_NORM,aux_behavior,100224,100224,100224,100224,50112,0,50112,0,0,0,0,801792,0,801792,0,,,,,,
125,125,vision_encoder.backbone.layer.3.attention.q_proj,GEMM_W8A8,rtl_gemm,106640,249200,0,,104448,104448,12528,544,12528,153944064,136,200448,589824,200448,76972032,249200,106624,12528,12528,False,double_buffer
126,126,vision_encoder.backbone.layer.3.attention.k_proj,GEMM_W8A8,rtl_gemm,106640,236672,0,,104448,104448,12528,544,12528,153944064,136,200448,589824,200448,76972032,236672,106624,12528,0,False,double_buffer
127,127,vision_encoder.backbone.layer.3.attention.v_proj,GEMM_W8A8,rtl_gemm,106640,249200,0,,104448,104448,12528,544,12528,153944064,136,200448,589824,200448,76972032,249200,106624,12528,12528,False,double_buffer
128,128,vision_encoder.backbone.layer.3.attention.o_proj,GEMM_W8A8,rtl_gemm,106640,249200,0,,104448,104448,12528,544,12528,153944064,136,200448,589824,200448,76972032,249200,106624,12528,12528,False,double_buffer
129,129,vision_encoder.backbone.layer.3.norm2,LAYER_NORM,aux_behavior,100224,100224,100224,100224,50112,0,50112,0,0,0,0,801792,0,801792,0,,,,,,
130,130,vision_encoder.backbone.layer.3.mlp.up_proj,GEMM_W8A8,rtl_gemm,426512,996800,0,,417792,417792,50112,2176,50112,615776256,544,200448,2359296,801792,307888128,996800,426496,50112,50112,False,double_buffer
131,131,vision_encoder.backbone.layer.3.mlp.down_proj,GEMM_W8A8,rtl_gemm,419984,875888,0,,417792,417792,12528,544,12528,615776256,136,801792,2359296,200448,307888128,875888,419968,12528,12528,False,double_buffer
132,132,vision_encoder.backbone.layer.4.norm1,LAYER_NORM,aux_behavior,100224,100224,100224,100224,50112,0,50112,0,0,0,0,801792,0,801792,0,,,,,,
133,133,vision_encoder.backbone.layer.4.attention.q_proj,GEMM_W8A8,rtl_gemm,106640,249200,0,,104448,104448,12528,544,12528,153944064,136,200448,589824,200448,76972032,249200,106624,12528,12528,False,double_buffer
134,134,vision_encoder.backbone.layer.4.attention.k_proj,GEMM_W8A8,rtl_gemm,106640,236672,0,,104448,104448,12528,544,12528,153944064,136,200448,589824,200448,76972032,236672,106624,12528,0,False,double_buffer
135,135,vision_encoder.backbone.layer.4.attention.v_proj,GEMM_W8A8,rtl_gemm,106640,249200,0,,104448,104448,12528,544,12528,153944064,136,200448,589824,200448,76972032,249200,106624,12528,12528,False,double_buffer
136,136,vision_encoder.backbone.layer.4.attention.o_proj,GEMM_W8A8,rtl_gemm,106640,249200,0,,104448,104448,12528,544,12528,153944064,136,200448,589824,200448,76972032,249200,106624,12528,12528,False,double_buffer
137,137,vision_encoder.backbone.layer.4.norm2,LAYER_NORM,aux_behavior,100224,100224,100224,100224,50112,0,50112,0,0,0,0,801792,0,801792,0,,,,,,
138,138,vision_encoder.backbone.layer.4.mlp.up_proj,GEMM_W8A8,rtl_gemm,426512,996800,0,,417792,417792,50112,2176,50112,615776256,544,200448,2359296,801792,307888128,996800,426496,50112,50112,False,double_buffer
139,139,vision_encoder.backbone.layer.4.mlp.down_proj,GEMM_W8A8,rtl_gemm,419984,875888,0,,417792,417792,12528,544,12528,615776256,136,801792,2359296,200448,307888128,875888,419968,12528,12528,False,double_buffer
140,140,vision_encoder.backbone.layer.5.norm1,LAYER_NORM,aux_behavior,100224,100224,100224,100224,50112,0,50112,0,0,0,0,801792,0,801792,0,,,,,,
141,141,vision_encoder.backbone.layer.5.attention.q_proj,GEMM_W8A8,rtl_gemm,106640,249200,0,,104448,104448,12528,544,12528,153944064,136,200448,589824,200448,76972032,249200,106624,12528,12528,False,double_buffer
142,142,vision_encoder.backbone.layer.5.attention.k_proj,GEMM_W8A8,rtl_gemm,106640,236672,0,,104448,104448,12528,544,12528,153944064,136,200448,589824,200448,76972032,236672,106624,12528,0,False,double_buffer
143,143,vision_encoder.backbone.layer.5.attention.v_proj,GEMM_W8A8,rtl_gemm,106640,249200,0,,104448,104448,12528,544,12528,153944064,136,200448,589824,200448,76972032,249200,106624,12528,12528,False,double_buffer
144,144,vision_encoder.backbone.layer.5.attention.o_proj,GEMM_W8A8,rtl_gemm,106640,249200,0,,104448,104448,12528,544,12528,153944064,136,200448,589824,200448,76972032,249200,106624,12528,12528,False,double_buffer
145,145,vision_encoder.backbone.layer.5.norm2,LAYER_NORM,aux_behavior,100224,100224,100224,100224,50112,0,50112,0,0,0,0,801792,0,801792,0,,,,,,
146,146,vision_encoder.backbone.layer.5.mlp.up_proj,GEMM_W8A8,rtl_gemm,426512,996800,0,,417792,417792,50112,2176,50112,615776256,544,200448,2359296,801792,307888128,996800,426496,50112,50112,False,double_buffer
147,147,vision_encoder.backbone.layer.5.mlp.down_proj,GEMM_W8A8,rtl_gemm,419984,875888,0,,417792,417792,12528,544,12528,615776256,136,801792,2359296,200448,307888128,875888,419968,12528,12528,False,double_buffer
148,148,vision_encoder.backbone.layer.6.norm1,LAYER_NORM,aux_behavior,100224,100224,100224,100224,50112,0,50112,0,0,0,0,801792,0,801792,0,,,,,,
149,149,vision_encoder.backbone.layer.6.attention.q_proj,GEMM_W8A8,rtl_gemm,106640,249200,0,,104448,104448,12528,544,12528,153944064,136,200448,589824,200448,76972032,249200,106624,12528,12528,False,double_buffer
150,150,vision_encoder.backbone.layer.6.attention.k_proj,GEMM_W8A8,rtl_gemm,106640,236672,0,,104448,104448,12528,544,12528,153944064,136,200448,589824,200448,76972032,236672,106624,12528,0,False,double_buffer
151,151,vision_encoder.backbone.layer.6.attention.v_proj,GEMM_W8A8,rtl_gemm,106640,249200,0,,104448,104448,12528,544,12528,153944064,136,200448,589824,200448,76972032,249200,106624,12528,12528,False,double_buffer
152,152,vision_encoder.backbone.layer.6.attention.o_proj,GEMM_W8A8,rtl_gemm,106640,249200,0,,104448,104448,12528,544,12528,153944064,136,200448,589824,200448,76972032,249200,106624,12528,12528,False,double_buffer
153,153,vision_encoder.backbone.layer.6.norm2,LAYER_NORM,aux_behavior,100224,100224,100224,100224,50112,0,50112,0,0,0,0,801792,0,801792,0,,,,,,
154,154,vision_encoder.backbone.layer.6.mlp.up_proj,GEMM_W8A8,rtl_gemm,426512,996800,0,,417792,417792,50112,2176,50112,615776256,544,200448,2359296,801792,307888128,996800,426496,50112,50112,False,double_buffer
155,155,vision_encoder.backbone.layer.6.mlp.down_proj,GEMM_W8A8,rtl_gemm,419984,875888,0,,417792,417792,12528,544,12528,615776256,136,801792,2359296,200448,307888128,875888,419968,12528,12528,False,double_buffer
156,156,vision_encoder.backbone.layer.7.norm1,LAYER_NORM,aux_behavior,100224,100224,100224,100224,50112,0,50112,0,0,0,0,801792,0,801792,0,,,,,,
157,157,vision_encoder.backbone.layer.7.attention.q_proj,GEMM_W8A8,rtl_gemm,106640,249200,0,,104448,104448,12528,544,12528,153944064,136,200448,589824,200448,76972032,249200,106624,12528,12528,False,double_buffer
158,158,vision_encoder.backbone.layer.7.attention.k_proj,GEMM_W8A8,rtl_gemm,106640,236672,0,,104448,104448,12528,544,12528,153944064,136,200448,589824,200448,76972032,236672,106624,12528,0,False,double_buffer
159,159,vision_encoder.backbone.layer.7.attention.v_proj,GEMM_W8A8,rtl_gemm,106640,249200,0,,104448,104448,12528,544,12528,153944064,136,200448,589824,200448,76972032,249200,106624,12528,12528,False,double_buffer
160,160,vision_encoder.backbone.layer.7.attention.o_proj,GEMM_W8A8,rtl_gemm,106640,249200,0,,104448,104448,12528,544,12528,153944064,136,200448,589824,200448,76972032,249200,106624,12528,12528,False,double_buffer
161,161,vision_encoder.backbone.layer.7.norm2,LAYER_NORM,aux_behavior,100224,100224,100224,100224,50112,0,50112,0,0,0,0,801792,0,801792,0,,,,,,
162,162,vision_encoder.backbone.layer.7.mlp.up_proj,GEMM_W8A8,rtl_gemm,426512,996800,0,,417792,417792,50112,2176,50112,615776256,544,200448,2359296,801792,307888128,996800,426496,50112,50112,False,double_buffer
163,163,vision_encoder.backbone.layer.7.mlp.down_proj,GEMM_W8A8,rtl_gemm,419984,875888,0,,417792,417792,12528,544,12528,615776256,136,801792,2359296,200448,307888128,875888,419968,12528,12528,False,double_buffer
164,164,vision_encoder.backbone.layer.8.norm1,LAYER_NORM,aux_behavior,100224,100224,100224,100224,50112,0,50112,0,0,0,0,801792,0,801792,0,,,,,,
165,165,vision_encoder.backbone.layer.8.attention.q_proj,GEMM_W8A8,rtl_gemm,106640,249200,0,,104448,104448,12528,544,12528,153944064,136,200448,589824,200448,76972032,249200,106624,12528,12528,False,double_buffer
166,166,vision_encoder.backbone.layer.8.attention.k_proj,GEMM_W8A8,rtl_gemm,106640,236672,0,,104448,104448,12528,544,12528,153944064,136,200448,589824,200448,76972032,236672,106624,12528,0,False,double_buffer
167,167,vision_encoder.backbone.layer.8.attention.v_proj,GEMM_W8A8,rtl_gemm,106640,249200,0,,104448,104448,12528,544,12528,153944064,136,200448,589824,200448,76972032,249200,106624,12528,12528,False,double_buffer
168,168,vision_encoder.backbone.layer.8.attention.o_proj,GEMM_W8A8,rtl_gemm,106640,249200,0,,104448,104448,12528,544,12528,153944064,136,200448,589824,200448,76972032,249200,106624,12528,12528,False,double_buffer
169,169,vision_encoder.backbone.layer.8.norm2,LAYER_NORM,aux_behavior,100224,100224,100224,100224,50112,0,50112,0,0,0,0,801792,0,801792,0,,,,,,
170,170,vision_encoder.backbone.layer.8.mlp.up_proj,GEMM_W8A8,rtl_gemm,426512,996800,0,,417792,417792,50112,2176,50112,615776256,544,200448,2359296,801792,307888128,996800,426496,50112,50112,False,double_buffer
171,171,vision_encoder.backbone.layer.8.mlp.down_proj,GEMM_W8A8,rtl_gemm,419984,875888,0,,417792,417792,12528,544,12528,615776256,136,801792,2359296,200448,307888128,875888,419968,12528,12528,False,double_buffer
172,172,vision_encoder.backbone.layer.9.norm1,LAYER_NORM,aux_behavior,100224,100224,100224,100224,50112,0,50112,0,0,0,0,801792,0,801792,0,,,,,,
173,173,vision_encoder.backbone.layer.9.attention.q_proj,GEMM_W8A8,rtl_gemm,106640,249200,0,,104448,104448,12528,544,12528,153944064,136,200448,589824,200448,76972032,249200,106624,12528,12528,False,double_buffer
174,174,vision_encoder.backbone.layer.9.attention.k_proj,GEMM_W8A8,rtl_gemm,106640,236672,0,,104448,104448,12528,544,12528,153944064,136,200448,589824,200448,76972032,236672,106624,12528,0,False,double_buffer
175,175,vision_encoder.backbone.layer.9.attention.v_proj,GEMM_W8A8,rtl_gemm,106640,249200,0,,104448,104448,12528,544,12528,153944064,136,200448,589824,200448,76972032,249200,106624,12528,12528,False,double_buffer
176,176,vision_encoder.backbone.layer.9.attention.o_proj,GEMM_W8A8,rtl_gemm,106640,249200,0,,104448,104448,12528,544,12528,153944064,136,200448,589824,200448,76972032,249200,106624,12528,12528,False,double_buffer
177,177,vision_encoder.backbone.layer.9.norm2,LAYER_NORM,aux_behavior,100224,100224,100224,100224,50112,0,50112,0,0,0,0,801792,0,801792,0,,,,,,
178,178,vision_encoder.backbone.layer.9.mlp.up_proj,GEMM_W8A8,rtl_gemm,426512,996800,0,,417792,417792,50112,2176,50112,615776256,544,200448,2359296,801792,307888128,996800,426496,50112,50112,False,double_buffer
179,179,vision_encoder.backbone.layer.9.mlp.down_proj,GEMM_W8A8,rtl_gemm,419984,875888,0,,417792,417792,12528,544,12528,615776256,136,801792,2359296,200448,307888128,875888,419968,12528,12528,False,double_buffer
180,180,vision_encoder.backbone.layer.10.norm1,LAYER_NORM,aux_behavior,100224,100224,100224,100224,50112,0,50112,0,0,0,0,801792,0,801792,0,,,,,,
181,181,vision_encoder.backbone.layer.10.attention.q_proj,GEMM_W8A8,rtl_gemm,106640,249200,0,,104448,104448,12528,544,12528,153944064,136,200448,589824,200448,76972032,249200,106624,12528,12528,False,double_buffer
182,182,vision_encoder.backbone.layer.10.attention.k_proj,GEMM_W8A8,rtl_gemm,106640,236672,0,,104448,104448,12528,544,12528,153944064,136,200448,589824,200448,76972032,236672,106624,12528,0,False,double_buffer
183,183,vision_encoder.backbone.layer.10.attention.v_proj,GEMM_W8A8,rtl_gemm,106640,249200,0,,104448,104448,12528,544,12528,153944064,136,200448,589824,200448,76972032,249200,106624,12528,12528,False,double_buffer
184,184,vision_encoder.backbone.layer.10.attention.o_proj,GEMM_W8A8,rtl_gemm,106640,249200,0,,104448,104448,12528,544,12528,153944064,136,200448,589824,200448,76972032,249200,106624,12528,12528,False,double_buffer
185,185,vision_encoder.backbone.layer.10.norm2,LAYER_NORM,aux_behavior,100224,100224,100224,100224,50112,0,50112,0,0,0,0,801792,0,801792,0,,,,,,
186,186,vision_encoder.backbone.layer.10.mlp.up_proj,GEMM_W8A8,rtl_gemm,426512,996800,0,,417792,417792,50112,2176,50112,615776256,544,200448,2359296,801792,307888128,996800,426496,50112,50112,False,double_buffer
187,187,vision_encoder.backbone.layer.10.mlp.down_proj,GEMM_W8A8,rtl_gemm,419984,875888,0,,417792,417792,12528,544,12528,615776256,136,801792,2359296,200448,307888128,875888,419968,12528,12528,False,double_buffer
188,188,vision_encoder.backbone.layer.11.norm1,LAYER_NORM,aux_behavior,100224,100224,100224,100224,50112,0,50112,0,0,0,0,801792,0,801792,0,,,,,,
189,189,vision_encoder.backbone.layer.11.attention.q_proj,GEMM_W8A8,rtl_gemm,106640,249200,0,,104448,104448,12528,544,12528,153944064,136,200448,589824,200448,76972032,249200,106624,12528,12528,False,double_buffer
190,190,vision_encoder.backbone.layer.11.attention.k_proj,GEMM_W8A8,rtl_gemm,106640,236672,0,,104448,104448,12528,544,12528,153944064,136,200448,589824,200448,76972032,236672,106624,12528,0,False,double_buffer
191,191,vision_encoder.backbone.layer.11.attention.v_proj,GEMM_W8A8,rtl_gemm,106640,249200,0,,104448,104448,12528,544,12528,153944064,136,200448,589824,200448,76972032,249200,106624,12528,12528,False,double_buffer
192,192,vision_encoder.backbone.layer.11.attention.o_proj,GEMM_W8A8,rtl_gemm,106640,249200,0,,104448,104448,12528,544,12528,153944064,136,200448,589824,200448,76972032,249200,106624,12528,12528,False,double_buffer
193,193,vision_encoder.backbone.layer.11.norm2,LAYER_NORM,aux_behavior,100224,100224,100224,100224,50112,0,50112,0,0,0,0,801792,0,801792,0,,,,,,
194,194,vision_encoder.backbone.layer.11.mlp.up_proj,GEMM_W8A8,rtl_gemm,426512,996800,0,,417792,417792,50112,2176,50112,615776256,544,200448,2359296,801792,307888128,996800,426496,50112,50112,False,double_buffer
195,195,vision_encoder.backbone.layer.11.mlp.down_proj,GEMM_W8A8,rtl_gemm,419984,875888,0,,417792,417792,12528,544,12528,615776256,136,801792,2359296,200448,307888128,875888,419968,12528,12528,False,double_buffer
196,196,vision_encoder.backbone.norm,LAYER_NORM,aux_behavior,100224,100224,100224,100224,50112,0,50112,0,0,0,0,801792,0,801792,0,,,,,,
197,197,vision_encoder.backbone.embeddings.patch_embeddings,AUX_EVENT,aux_behavior,147456,147456,147456,0,49152,0,24576,0,0,0,0,786432,0,393216,0,,,,,,
198,198,vision_encoder.backbone.layer.0.norm1,LAYER_NORM,aux_behavior,100224,100224,100224,100224,50112,0,50112,0,0,0,0,801792,0,801792,0,,,,,,
199,199,vision_encoder.backbone.layer.0.attention.q_proj,GEMM_W8A8,rtl_gemm,106640,249200,0,,104448,104448,12528,544,12528,153944064,136,200448,589824,200448,76972032,249200,106624,12528,12528,False,double_buffer
200,200,vision_encoder.backbone.layer.0.attention.k_proj,GEMM_W8A8,rtl_gemm,106640,236672,0,,104448,104448,12528,544,12528,153944064,136,200448,589824,200448,76972032,236672,106624,12528,0,False,double_buffer
201,201,vision_encoder.backbone.layer.0.attention.v_proj,GEMM_W8A8,rtl_gemm,106640,249200,0,,104448,104448,12528,544,12528,153944064,136,200448,589824,200448,76972032,249200,106624,12528,12528,False,double_buffer
202,202,vision_encoder.backbone.layer.0.attention.o_proj,GEMM_W8A8,rtl_gemm,106640,249200,0,,104448,104448,12528,544,12528,153944064,136,200448,589824,200448,76972032,249200,106624,12528,12528,False,double_buffer
203,203,vision_encoder.backbone.layer.0.norm2,LAYER_NORM,aux_behavior,100224,100224,100224,100224,50112,0,50112,0,0,0,0,801792,0,801792,0,,,,,,
204,204,vision_encoder.backbone.layer.0.mlp.up_proj,GEMM_W8A8,rtl_gemm,426512,996800,0,,417792,417792,50112,2176,50112,615776256,544,200448,2359296,801792,307888128,996800,426496,50112,50112,False,double_buffer
205,205,vision_encoder.backbone.layer.0.mlp.down_proj,GEMM_W8A8,rtl_gemm,419984,875888,0,,417792,417792,12528,544,12528,615776256,136,801792,2359296,200448,307888128,875888,419968,12528,12528,False,double_buffer
206,206,vision_encoder.backbone.layer.1.norm1,LAYER_NORM,aux_behavior,100224,100224,100224,100224,50112,0,50112,0,0,0,0,801792,0,801792,0,,,,,,
207,207,vision_encoder.backbone.layer.1.attention.q_proj,GEMM_W8A8,rtl_gemm,106640,249200,0,,104448,104448,12528,544,12528,153944064,136,200448,589824,200448,76972032,249200,106624,12528,12528,False,double_buffer
208,208,vision_encoder.backbone.layer.1.attention.k_proj,GEMM_W8A8,rtl_gemm,106640,236672,0,,104448,104448,12528,544,12528,153944064,136,200448,589824,200448,76972032,236672,106624,12528,0,False,double_buffer
209,209,vision_encoder.backbone.layer.1.attention.v_proj,GEMM_W8A8,rtl_gemm,106640,249200,0,,104448,104448,12528,544,12528,153944064,136,200448,589824,200448,76972032,249200,106624,12528,12528,False,double_buffer
210,210,vision_encoder.backbone.layer.1.attention.o_proj,GEMM_W8A8,rtl_gemm,106640,249200,0,,104448,104448,12528,544,12528,153944064,136,200448,589824,200448,76972032,249200,106624,12528,12528,False,double_buffer
211,211,vision_encoder.backbone.layer.1.norm2,LAYER_NORM,aux_behavior,100224,100224,100224,100224,50112,0,50112,0,0,0,0,801792,0,801792,0,,,,,,
212,212,vision_encoder.backbone.layer.1.mlp.up_proj,GEMM_W8A8,rtl_gemm,426512,996800,0,,417792,417792,50112,2176,50112,615776256,544,200448,2359296,801792,307888128,996800,426496,50112,50112,False,double_buffer
213,213,vision_encoder.backbone.layer.1.mlp.down_proj,GEMM_W8A8,rtl_gemm,419984,875888,0,,417792,417792,12528,544,12528,615776256,136,801792,2359296,200448,307888128,875888,419968,12528,12528,False,double_buffer
214,214,vision_encoder.backbone.layer.2.norm1,LAYER_NORM,aux_behavior,100224,100224,100224,100224,50112,0,50112,0,0,0,0,801792,0,801792,0,,,,,,
215,215,vision_encoder.backbone.layer.2.attention.q_proj,GEMM_W8A8,rtl_gemm,106640,249200,0,,104448,104448,12528,544,12528,153944064,136,200448,589824,200448,76972032,249200,106624,12528,12528,False,double_buffer
216,216,vision_encoder.backbone.layer.2.attention.k_proj,GEMM_W8A8,rtl_gemm,106640,236672,0,,104448,104448,12528,544,12528,153944064,136,200448,589824,200448,76972032,236672,106624,12528,0,False,double_buffer
217,217,vision_encoder.backbone.layer.2.attention.v_proj,GEMM_W8A8,rtl_gemm,106640,249200,0,,104448,104448,12528,544,12528,153944064,136,200448,589824,200448,76972032,249200,106624,12528,12528,False,double_buffer
218,218,vision_encoder.backbone.layer.2.attention.o_proj,GEMM_W8A8,rtl_gemm,106640,249200,0,,104448,104448,12528,544,12528,153944064,136,200448,589824,200448,76972032,249200,106624,12528,12528,False,double_buffer
219,219,vision_encoder.backbone.layer.2.norm2,LAYER_NORM,aux_behavior,100224,100224,100224,100224,50112,0,50112,0,0,0,0,801792,0,801792,0,,,,,,
220,220,vision_encoder.backbone.layer.2.mlp.up_proj,GEMM_W8A8,rtl_gemm,426512,996800,0,,417792,417792,50112,2176,50112,615776256,544,200448,2359296,801792,307888128,996800,426496,50112,50112,False,double_buffer
221,221,vision_encoder.backbone.layer.2.mlp.down_proj,GEMM_W8A8,rtl_gemm,419984,875888,0,,417792,417792,12528,544,12528,615776256,136,801792,2359296,200448,307888128,875888,419968,12528,12528,False,double_buffer
222,222,vision_encoder.backbone.layer.3.norm1,LAYER_NORM,aux_behavior,100224,100224,100224,100224,50112,0,50112,0,0,0,0,801792,0,801792,0,,,,,,
223,223,vision_encoder.backbone.layer.3.attention.q_proj,GEMM_W8A8,rtl_gemm,106640,249200,0,,104448,104448,12528,544,12528,153944064,136,200448,589824,200448,76972032,249200,106624,12528,12528,False,double_buffer
224,224,vision_encoder.backbone.layer.3.attention.k_proj,GEMM_W8A8,rtl_gemm,106640,236672,0,,104448,104448,12528,544,12528,153944064,136,200448,589824,200448,76972032,236672,106624,12528,0,False,double_buffer
225,225,vision_encoder.backbone.layer.3.attention.v_proj,GEMM_W8A8,rtl_gemm,106640,249200,0,,104448,104448,12528,544,12528,153944064,136,200448,589824,200448,76972032,249200,106624,12528,12528,False,double_buffer
226,226,vision_encoder.backbone.layer.3.attention.o_proj,GEMM_W8A8,rtl_gemm,106640,249200,0,,104448,104448,12528,544,12528,153944064,136,200448,589824,200448,76972032,249200,106624,12528,12528,False,double_buffer
227,227,vision_encoder.backbone.layer.3.norm2,LAYER_NORM,aux_behavior,100224,100224,100224,100224,50112,0,50112,0,0,0,0,801792,0,801792,0,,,,,,
228,228,vision_encoder.backbone.layer.3.mlp.up_proj,GEMM_W8A8,rtl_gemm,426512,996800,0,,417792,417792,50112,2176,50112,615776256,544,200448,2359296,801792,307888128,996800,426496,50112,50112,False,double_buffer
229,229,vision_encoder.backbone.layer.3.mlp.down_proj,GEMM_W8A8,rtl_gemm,419984,875888,0,,417792,417792,12528,544,12528,615776256,136,801792,2359296,200448,307888128,875888,419968,12528,12528,False,double_buffer
230,230,vision_encoder.backbone.layer.4.norm1,LAYER_NORM,aux_behavior,100224,100224,100224,100224,50112,0,50112,0,0,0,0,801792,0,801792,0,,,,,,
231,231,vision_encoder.backbone.layer.4.attention.q_proj,GEMM_W8A8,rtl_gemm,106640,249200,0,,104448,104448,12528,544,12528,153944064,136,200448,589824,200448,76972032,249200,106624,12528,12528,False,double_buffer
232,232,vision_encoder.backbone.layer.4.attention.k_proj,GEMM_W8A8,rtl_gemm,106640,236672,0,,104448,104448,12528,544,12528,153944064,136,200448,589824,200448,76972032,236672,106624,12528,0,False,double_buffer
233,233,vision_encoder.backbone.layer.4.attention.v_proj,GEMM_W8A8,rtl_gemm,106640,249200,0,,104448,104448,12528,544,12528,153944064,136,200448,589824,200448,76972032,249200,106624,12528,12528,False,double_buffer
234,234,vision_encoder.backbone.layer.4.attention.o_proj,GEMM_W8A8,rtl_gemm,106640,249200,0,,104448,104448,12528,544,12528,153944064,136,200448,589824,200448,76972032,249200,106624,12528,12528,False,double_buffer
235,235,vision_encoder.backbone.layer.4.norm2,LAYER_NORM,aux_behavior,100224,100224,100224,100224,50112,0,50112,0,0,0,0,801792,0,801792,0,,,,,,
236,236,vision_encoder.backbone.layer.4.mlp.up_proj,GEMM_W8A8,rtl_gemm,426512,996800,0,,417792,417792,50112,2176,50112,615776256,544,200448,2359296,801792,307888128,996800,426496,50112,50112,False,double_buffer
237,237,vision_encoder.backbone.layer.4.mlp.down_proj,GEMM_W8A8,rtl_gemm,419984,875888,0,,417792,417792,12528,544,12528,615776256,136,801792,2359296,200448,307888128,875888,419968,12528,12528,False,double_buffer
238,238,vision_encoder.backbone.layer.5.norm1,LAYER_NORM,aux_behavior,100224,100224,100224,100224,50112,0,50112,0,0,0,0,801792,0,801792,0,,,,,,
239,239,vision_encoder.backbone.layer.5.attention.q_proj,GEMM_W8A8,rtl_gemm,106640,249200,0,,104448,104448,12528,544,12528,153944064,136,200448,589824,200448,76972032,249200,106624,12528,12528,False,double_buffer
240,240,vision_encoder.backbone.layer.5.attention.k_proj,GEMM_W8A8,rtl_gemm,106640,236672,0,,104448,104448,12528,544,12528,153944064,136,200448,589824,200448,76972032,236672,106624,12528,0,False,double_buffer
241,241,vision_encoder.backbone.layer.5.attention.v_proj,GEMM_W8A8,rtl_gemm,106640,249200,0,,104448,104448,12528,544,12528,153944064,136,200448,589824,200448,76972032,249200,106624,12528,12528,False,double_buffer
242,242,vision_encoder.backbone.layer.5.attention.o_proj,GEMM_W8A8,rtl_gemm,106640,249200,0,,104448,104448,12528,544,12528,153944064,136,200448,589824,200448,76972032,249200,106624,12528,12528,False,double_buffer
243,243,vision_encoder.backbone.layer.5.norm2,LAYER_NORM,aux_behavior,100224,100224,100224,100224,50112,0,50112,0,0,0,0,801792,0,801792,0,,,,,,
244,244,vision_encoder.backbone.layer.5.mlp.up_proj,GEMM_W8A8,rtl_gemm,426512,996800,0,,417792,417792,50112,2176,50112,615776256,544,200448,2359296,801792,307888128,996800,426496,50112,50112,False,double_buffer
245,245,vision_encoder.backbone.layer.5.mlp.down_proj,GEMM_W8A8,rtl_gemm,419984,875888,0,,417792,417792,12528,544,12528,615776256,136,801792,2359296,200448,307888128,875888,419968,12528,12528,False,double_buffer
246,246,vision_encoder.backbone.layer.6.norm1,LAYER_NORM,aux_behavior,100224,100224,100224,100224,50112,0,50112,0,0,0,0,801792,0,801792,0,,,,,,
247,247,vision_encoder.backbone.layer.6.attention.q_proj,GEMM_W8A8,rtl_gemm,106640,249200,0,,104448,104448,12528,544,12528,153944064,136,200448,589824,200448,76972032,249200,106624,12528,12528,False,double_buffer
248,248,vision_encoder.backbone.layer.6.attention.k_proj,GEMM_W8A8,rtl_gemm,106640,236672,0,,104448,104448,12528,544,12528,153944064,136,200448,589824,200448,76972032,236672,106624,12528,0,False,double_buffer
249,249,vision_encoder.backbone.layer.6.attention.v_proj,GEMM_W8A8,rtl_gemm,106640,249200,0,,104448,104448,12528,544,12528,153944064,136,200448,589824,200448,76972032,249200,106624,12528,12528,False,double_buffer
250,250,vision_encoder.backbone.layer.6.attention.o_proj,GEMM_W8A8,rtl_gemm,106640,249200,0,,104448,104448,12528,544,12528,153944064,136,200448,589824,200448,76972032,249200,106624,12528,12528,False,double_buffer
251,251,vision_encoder.backbone.layer.6.norm2,LAYER_NORM,aux_behavior,100224,100224,100224,100224,50112,0,50112,0,0,0,0,801792,0,801792,0,,,,,,
252,252,vision_encoder.backbone.layer.6.mlp.up_proj,GEMM_W8A8,rtl_gemm,426512,996800,0,,417792,417792,50112,2176,50112,615776256,544,200448,2359296,801792,307888128,996800,426496,50112,50112,False,double_buffer
253,253,vision_encoder.backbone.layer.6.mlp.down_proj,GEMM_W8A8,rtl_gemm,419984,875888,0,,417792,417792,12528,544,12528,615776256,136,801792,2359296,200448,307888128,875888,419968,12528,12528,False,double_buffer
254,254,vision_encoder.backbone.layer.7.norm1,LAYER_NORM,aux_behavior,100224,100224,100224,100224,50112,0,50112,0,0,0,0,801792,0,801792,0,,,,,,
255,255,vision_encoder.backbone.layer.7.attention.q_proj,GEMM_W8A8,rtl_gemm,106640,249200,0,,104448,104448,12528,544,12528,153944064,136,200448,589824,200448,76972032,249200,106624,12528,12528,False,double_buffer
256,256,vision_encoder.backbone.layer.7.attention.k_proj,GEMM_W8A8,rtl_gemm,106640,236672,0,,104448,104448,12528,544,12528,153944064,136,200448,589824,200448,76972032,236672,106624,12528,0,False,double_buffer
257,257,vision_encoder.backbone.layer.7.attention.v_proj,GEMM_W8A8,rtl_gemm,106640,249200,0,,104448,104448,12528,544,12528,153944064,136,200448,589824,200448,76972032,249200,106624,12528,12528,False,double_buffer
258,258,vision_encoder.backbone.layer.7.attention.o_proj,GEMM_W8A8,rtl_gemm,106640,249200,0,,104448,104448,12528,544,12528,153944064,136,200448,589824,200448,76972032,249200,106624,12528,12528,False,double_buffer
259,259,vision_encoder.backbone.layer.7.norm2,LAYER_NORM,aux_behavior,100224,100224,100224,100224,50112,0,50112,0,0,0,0,801792,0,801792,0,,,,,,
260,260,vision_encoder.backbone.layer.7.mlp.up_proj,GEMM_W8A8,rtl_gemm,426512,996800,0,,417792,417792,50112,2176,50112,615776256,544,200448,2359296,801792,307888128,996800,426496,50112,50112,False,double_buffer
261,261,vision_encoder.backbone.layer.7.mlp.down_proj,GEMM_W8A8,rtl_gemm,419984,875888,0,,417792,417792,12528,544,12528,615776256,136,801792,2359296,200448,307888128,875888,419968,12528,12528,False,double_buffer
262,262,vision_encoder.backbone.layer.8.norm1,LAYER_NORM,aux_behavior,100224,100224,100224,100224,50112,0,50112,0,0,0,0,801792,0,801792,0,,,,,,
263,263,vision_encoder.backbone.layer.8.attention.q_proj,GEMM_W8A8,rtl_gemm,106640,249200,0,,104448,104448,12528,544,12528,153944064,136,200448,589824,200448,76972032,249200,106624,12528,12528,False,double_buffer
264,264,vision_encoder.backbone.layer.8.attention.k_proj,GEMM_W8A8,rtl_gemm,106640,236672,0,,104448,104448,12528,544,12528,153944064,136,200448,589824,200448,76972032,236672,106624,12528,0,False,double_buffer
265,265,vision_encoder.backbone.layer.8.attention.v_proj,GEMM_W8A8,rtl_gemm,106640,249200,0,,104448,104448,12528,544,12528,153944064,136,200448,589824,200448,76972032,249200,106624,12528,12528,False,double_buffer
266,266,vision_encoder.backbone.layer.8.attention.o_proj,GEMM_W8A8,rtl_gemm,106640,249200,0,,104448,104448,12528,544,12528,153944064,136,200448,589824,200448,76972032,249200,106624,12528,12528,False,double_buffer
267,267,vision_encoder.backbone.layer.8.norm2,LAYER_NORM,aux_behavior,100224,100224,100224,100224,50112,0,50112,0,0,0,0,801792,0,801792,0,,,,,,
268,268,vision_encoder.backbone.layer.8.mlp.up_proj,GEMM_W8A8,rtl_gemm,426512,996800,0,,417792,417792,50112,2176,50112,615776256,544,200448,2359296,801792,307888128,996800,426496,50112,50112,False,double_buffer
269,269,vision_encoder.backbone.layer.8.mlp.down_proj,GEMM_W8A8,rtl_gemm,419984,875888,0,,417792,417792,12528,544,12528,615776256,136,801792,2359296,200448,307888128,875888,419968,12528,12528,False,double_buffer
270,270,vision_encoder.backbone.layer.9.norm1,LAYER_NORM,aux_behavior,100224,100224,100224,100224,50112,0,50112,0,0,0,0,801792,0,801792,0,,,,,,
271,271,vision_encoder.backbone.layer.9.attention.q_proj,GEMM_W8A8,rtl_gemm,106640,249200,0,,104448,104448,12528,544,12528,153944064,136,200448,589824,200448,76972032,249200,106624,12528,12528,False,double_buffer
272,272,vision_encoder.backbone.layer.9.attention.k_proj,GEMM_W8A8,rtl_gemm,106640,236672,0,,104448,104448,12528,544,12528,153944064,136,200448,589824,200448,76972032,236672,106624,12528,0,False,double_buffer
273,273,vision_encoder.backbone.layer.9.attention.v_proj,GEMM_W8A8,rtl_gemm,106640,249200,0,,104448,104448,12528,544,12528,153944064,136,200448,589824,200448,76972032,249200,106624,12528,12528,False,double_buffer
274,274,vision_encoder.backbone.layer.9.attention.o_proj,GEMM_W8A8,rtl_gemm,106640,249200,0,,104448,104448,12528,544,12528,153944064,136,200448,589824,200448,76972032,249200,106624,12528,12528,False,double_buffer
275,275,vision_encoder.backbone.layer.9.norm2,LAYER_NORM,aux_behavior,100224,100224,100224,100224,50112,0,50112,0,0,0,0,801792,0,801792,0,,,,,,
276,276,vision_encoder.backbone.layer.9.mlp.up_proj,GEMM_W8A8,rtl_gemm,426512,996800,0,,417792,417792,50112,2176,50112,615776256,544,200448,2359296,801792,307888128,996800,426496,50112,50112,False,double_buffer
277,277,vision_encoder.backbone.layer.9.mlp.down_proj,GEMM_W8A8,rtl_gemm,419984,875888,0,,417792,417792,12528,544,12528,615776256,136,801792,2359296,200448,307888128,875888,419968,12528,12528,False,double_buffer
278,278,vision_encoder.backbone.layer.10.norm1,LAYER_NORM,aux_behavior,100224,100224,100224,100224,50112,0,50112,0,0,0,0,801792,0,801792,0,,,,,,
279,279,vision_encoder.backbone.layer.10.attention.q_proj,GEMM_W8A8,rtl_gemm,106640,249200,0,,104448,104448,12528,544,12528,153944064,136,200448,589824,200448,76972032,249200,106624,12528,12528,False,double_buffer
280,280,vision_encoder.backbone.layer.10.attention.k_proj,GEMM_W8A8,rtl_gemm,106640,236672,0,,104448,104448,12528,544,12528,153944064,136,200448,589824,200448,76972032,236672,106624,12528,0,False,double_buffer
281,281,vision_encoder.backbone.layer.10.attention.v_proj,GEMM_W8A8,rtl_gemm,106640,249200,0,,104448,104448,12528,544,12528,153944064,136,200448,589824,200448,76972032,249200,106624,12528,12528,False,double_buffer
282,282,vision_encoder.backbone.layer.10.attention.o_proj,GEMM_W8A8,rtl_gemm,106640,249200,0,,104448,104448,12528,544,12528,153944064,136,200448,589824,200448,76972032,249200,106624,12528,12528,False,double_buffer
283,283,vision_encoder.backbone.layer.10.norm2,LAYER_NORM,aux_behavior,100224,100224,100224,100224,50112,0,50112,0,0,0,0,801792,0,801792,0,,,,,,
284,284,vision_encoder.backbone.layer.10.mlp.up_proj,GEMM_W8A8,rtl_gemm,426512,996800,0,,417792,417792,50112,2176,50112,615776256,544,200448,2359296,801792,307888128,996800,426496,50112,50112,False,double_buffer
285,285,vision_encoder.backbone.layer.10.mlp.down_proj,GEMM_W8A8,rtl_gemm,419984,875888,0,,417792,417792,12528,544,12528,615776256,136,801792,2359296,200448,307888128,875888,419968,12528,12528,False,double_buffer
286,286,vision_encoder.backbone.layer.11.norm1,LAYER_NORM,aux_behavior,100224,100224,100224,100224,50112,0,50112,0,0,0,0,801792,0,801792,0,,,,,,
287,287,vision_encoder.backbone.layer.11.attention.q_proj,GEMM_W8A8,rtl_gemm,106640,249200,0,,104448,104448,12528,544,12528,153944064,136,200448,589824,200448,76972032,249200,106624,12528,12528,False,double_buffer
288,288,vision_encoder.backbone.layer.11.attention.k_proj,GEMM_W8A8,rtl_gemm,106640,236672,0,,104448,104448,12528,544,12528,153944064,136,200448,589824,200448,76972032,236672,106624,12528,0,False,double_buffer
289,289,vision_encoder.backbone.layer.11.attention.v_proj,GEMM_W8A8,rtl_gemm,106640,249200,0,,104448,104448,12528,544,12528,153944064,136,200448,589824,200448,76972032,249200,106624,12528,12528,False,double_buffer
290,290,vision_encoder.backbone.layer.11.attention.o_proj,GEMM_W8A8,rtl_gemm,106640,249200,0,,104448,104448,12528,544,12528,153944064,136,200448,589824,200448,76972032,249200,106624,12528,12528,False,double_buffer
291,291,vision_encoder.backbone.layer.11.norm2,LAYER_NORM,aux_behavior,100224,100224,100224,100224,50112,0,50112,0,0,0,0,801792,0,801792,0,,,,,,
292,292,vision_encoder.backbone.layer.11.mlp.up_proj,GEMM_W8A8,rtl_gemm,426512,996800,0,,417792,417792,50112,2176,50112,615776256,544,200448,2359296,801792,307888128,996800,426496,50112,50112,False,double_buffer
293,293,vision_encoder.backbone.layer.11.mlp.down_proj,GEMM_W8A8,rtl_gemm,419984,875888,0,,417792,417792,12528,544,12528,615776256,136,801792,2359296,200448,307888128,875888,419968,12528,12528,False,double_buffer
294,294,vision_encoder.backbone.norm,LAYER_NORM,aux_behavior,100224,100224,100224,100224,50112,0,50112,0,0,0,0,801792,0,801792,0,,,,,,
295,295,vision_projection.skip,GEMM_W8A8,rtl_gemm,75280,165760,0,,73728,73728,8192,384,8192,100663296,96,393216,196608,131072,50331648,165760,75264,8192,0,False,double_buffer
296,296,vision_projection.input_norm,LAYER_NORM,aux_behavior,196608,196608,196608,196608,98304,0,98304,0,0,0,0,1572864,0,1572864,0,,,,,,
297,297,vision_projection.mlp.0,GEMM_W8A8,rtl_gemm,275984,646016,0,,270336,270336,32768,1408,32768,402653184,352,393216,786432,524288,201326592,646016,275968,32768,32768,False,double_buffer
298,298,vision_projection.mlp.1,GELU,aux_behavior,163840,163840,163840,163840,131072,0,131072,0,0,0,0,2097152,0,2097152,0,,,,,,
299,299,vision_projection.mlp.3,GEMM_W8A8,rtl_gemm,99856,223104,0,,98304,98304,8192,384,8192,134217728,96,524288,262144,131072,67108864,223104,99840,8192,8192,False,double_buffer
300,300,vision_projection.output_norm,LAYER_NORM,aux_behavior,65536,65536,65536,65536,32768,0,32768,0,0,0,0,524288,0,524288,0,,,,,,
301,301,vision_language_interaction.fusion_layers.0.layer_norm_v,LAYER_NORM,aux_behavior,65536,65536,65536,65536,32768,0,32768,0,0,0,0,524288,0,524288,0,,,,,,
302,302,vision_language_interaction.fusion_layers.0.layer_norm_l,LAYER_NORM,aux_behavior,2688,2688,2688,2688,1344,0,1344,0,0,0,0,21504,0,21504,0,,,,,,
303,303,vision_language_interaction.fusion_layers.0.attn.v_proj,GEMM_W8A8,rtl_gemm,99728,285568,0,,90112,90112,32768,1408,32768,134217728,352,131072,262144,524288,67108864,285568,95744,32768,32768,False,double_buffer
304,304,vision_language_interaction.fusion_layers.0.attn.l_proj,GEMM_W8A8,rtl_gemm,6000,15736,0,,5632,5632,1344,88,1344,5505024,22,5376,262144,21504,2752512,15736,5984,1344,1344,False,double_buffer
305,305,vision_language_interaction.fusion_layers.0.attn.values_v_proj,GEMM_W8A8,rtl_gemm,99728,285568,0,,90112,90112,32768,1408,32768,134217728,352,131072,262144,524288,67108864,285568,95744,32768,32768,False,double_buffer
306,306,vision_language_interaction.fusion_layers.0.attn.values_l_proj,GEMM_W8A8,rtl_gemm,6000,15736,0,,5632,5632,1344,88,1344,5505024,22,5376,262144,21504,2752512,15736,5984,1344,1344,False,double_buffer
307,bmm:5268,<top>,BMM_W8A8,rtl_bmm,34832,73472,0,,32768,32768,2688,512,2688,11010048,128,524288,21504,43008,5505024,73472,34816,2688,0,False,double_buffer
308,bmm:5289,<top>,BMM_W8A8,rtl_bmm,67088,89344,0,,8064,8064,32768,1536,32768,11010048,384,43008,21504,524288,5505024,89344,14208,32768,0,False,double_buffer
309,bmm:5290,<top>,BMM_W8A8,rtl_bmm,12688,27744,0,,12288,12288,1344,96,1344,11010048,24,43008,524288,21504,5505024,27744,12672,1344,0,False,double_buffer
310,307,vision_language_interaction.fusion_layers.0.attn.out_v_proj,GEMM_W8A8,rtl_gemm,99856,223104,0,,98304,98304,8192,384,8192,134217728,96,524288,262144,131072,67108864,223104,99840,8192,8192,False,double_buffer
311,308,vision_language_interaction.fusion_layers.0.attn.out_l_proj,GEMM_W8A8,rtl_gemm,6256,13416,0,,6144,6144,336,24,336,5505024,6,21504,262144,5376,2752512,13416,6240,336,336,False,double_buffer
312,bmm:5357,vision_language_interaction.text_layers.0.self_attn,BMM_W8A8,rtl_bmm,720,1168,0,,168,168,336,32,336,112896,8,1764,5376,5376,56448,1168,296,336,0,False,double_buffer
313,309,vision_language_interaction.text_layers.0.self_attn,AUX_EVENT,aux_behavior,3360,3360,3360,0,1344,0,1344,0,0,0,0,21504,0,21504,0,,,,,,
314,310,vision_language_interaction.text_layers.0.norm1,LAYER_NORM,aux_behavior,2688,2688,2688,2688,1344,0,1344,0,0,0,0,21504,0,21504,0,,,,,,
315,311,vision_language_interaction.text_layers.0.linear1,GEMM_W8A8,rtl_gemm,6000,15736,0,,5632,5632,1344,88,1344,5505024,22,5376,262144,21504,2752512,15736,5984,1344,1344,False,double_buffer
316,312,vision_language_interaction.text_layers.0.linear2,GEMM_W8A8,rtl_gemm,6256,13416,0,,6144,6144,336,24,336,5505024,6,21504,262144,5376,2752512,13416,6240,336,336,False,double_buffer
317,313,vision_language_interaction.text_layers.0.norm2,LAYER_NORM,aux_behavior,2688,2688,2688,2688,1344,0,1344,0,0,0,0,21504,0,21504,0,,,,,,
318,314,vision_language_interaction.fusion_layers.1.layer_norm_v,LAYER_NORM,aux_behavior,65536,65536,65536,65536,32768,0,32768,0,0,0,0,524288,0,524288,0,,,,,,
319,315,vision_language_interaction.fusion_layers.1.layer_norm_l,LAYER_NORM,aux_behavior,2688,2688,2688,2688,1344,0,1344,0,0,0,0,21504,0,21504,0,,,,,,
320,316,vision_language_interaction.fusion_layers.1.attn.v_proj,GEMM_W8A8,rtl_gemm,99728,285568,0,,90112,90112,32768,1408,32768,134217728,352,131072,262144,524288,67108864,285568,95744,32768,32768,False,double_buffer
321,317,vision_language_interaction.fusion_layers.1.attn.l_proj,GEMM_W8A8,rtl_gemm,6000,15736,0,,5632,5632,1344,88,1344,5505024,22,5376,262144,21504,2752512,15736,5984,1344,1344,False,double_buffer
322,318,vision_language_interaction.fusion_layers.1.attn.values_v_proj,GEMM_W8A8,rtl_gemm,99728,285568,0,,90112,90112,32768,1408,32768,134217728,352,131072,262144,524288,67108864,285568,95744,32768,32768,False,double_buffer
323,319,vision_language_interaction.fusion_layers.1.attn.values_l_proj,GEMM_W8A8,rtl_gemm,6000,15736,0,,5632,5632,1344,88,1344,5505024,22,5376,262144,21504,2752512,15736,5984,1344,1344,False,double_buffer
324,bmm:5490,<top>,BMM_W8A8,rtl_bmm,34832,73472,0,,32768,32768,2688,512,2688,11010048,128,524288,21504,43008,5505024,73472,34816,2688,0,False,double_buffer
325,bmm:5511,<top>,BMM_W8A8,rtl_bmm,67088,89344,0,,8064,8064,32768,1536,32768,11010048,384,43008,21504,524288,5505024,89344,14208,32768,0,False,double_buffer
326,bmm:5512,<top>,BMM_W8A8,rtl_bmm,12688,27744,0,,12288,12288,1344,96,1344,11010048,24,43008,524288,21504,5505024,27744,12672,1344,0,False,double_buffer
327,320,vision_language_interaction.fusion_layers.1.attn.out_v_proj,GEMM_W8A8,rtl_gemm,99856,223104,0,,98304,98304,8192,384,8192,134217728,96,524288,262144,131072,67108864,223104,99840,8192,8192,False,double_buffer
328,321,vision_language_interaction.fusion_layers.1.attn.out_l_proj,GEMM_W8A8,rtl_gemm,6256,13416,0,,6144,6144,336,24,336,5505024,6,21504,262144,5376,2752512,13416,6240,336,336,False,double_buffer
329,bmm:5579,vision_language_interaction.text_layers.1.self_attn,BMM_W8A8,rtl_bmm,720,1168,0,,168,168,336,32,336,112896,8,1764,5376,5376,56448,1168,296,336,0,False,double_buffer
330,322,vision_language_interaction.text_layers.1.self_attn,AUX_EVENT,aux_behavior,3360,3360,3360,0,1344,0,1344,0,0,0,0,21504,0,21504,0,,,,,,
331,323,vision_language_interaction.text_layers.1.norm1,LAYER_NORM,aux_behavior,2688,2688,2688,2688,1344,0,1344,0,0,0,0,21504,0,21504,0,,,,,,
332,324,vision_language_interaction.text_layers.1.linear1,GEMM_W8A8,rtl_gemm,6000,15736,0,,5632,5632,1344,88,1344,5505024,22,5376,262144,21504,2752512,15736,5984,1344,1344,False,double_buffer
333,325,vision_language_interaction.text_layers.1.linear2,GEMM_W8A8,rtl_gemm,6256,13416,0,,6144,6144,336,24,336,5505024,6,21504,262144,5376,2752512,13416,6240,336,336,False,double_buffer
334,326,vision_language_interaction.text_layers.1.norm2,LAYER_NORM,aux_behavior,2688,2688,2688,2688,1344,0,1344,0,0,0,0,21504,0,21504,0,,,,,,
335,327,vision_language_interaction.fusion_layers.2.layer_norm_v,LAYER_NORM,aux_behavior,65536,65536,65536,65536,32768,0,32768,0,0,0,0,524288,0,524288,0,,,,,,
336,328,vision_language_interaction.fusion_layers.2.layer_norm_l,LAYER_NORM,aux_behavior,2688,2688,2688,2688,1344,0,1344,0,0,0,0,21504,0,21504,0,,,,,,
337,329,vision_language_interaction.fusion_layers.2.attn.v_proj,GEMM_W8A8,rtl_gemm,99728,285568,0,,90112,90112,32768,1408,32768,134217728,352,131072,262144,524288,67108864,285568,95744,32768,32768,False,double_buffer
338,330,vision_language_interaction.fusion_layers.2.attn.l_proj,GEMM_W8A8,rtl_gemm,6000,15736,0,,5632,5632,1344,88,1344,5505024,22,5376,262144,21504,2752512,15736,5984,1344,1344,False,double_buffer
339,331,vision_language_interaction.fusion_layers.2.attn.values_v_proj,GEMM_W8A8,rtl_gemm,99728,285568,0,,90112,90112,32768,1408,32768,134217728,352,131072,262144,524288,67108864,285568,95744,32768,32768,False,double_buffer
340,332,vision_language_interaction.fusion_layers.2.attn.values_l_proj,GEMM_W8A8,rtl_gemm,6000,15736,0,,5632,5632,1344,88,1344,5505024,22,5376,262144,21504,2752512,15736,5984,1344,1344,False,double_buffer
341,bmm:5712,<top>,BMM_W8A8,rtl_bmm,34832,73472,0,,32768,32768,2688,512,2688,11010048,128,524288,21504,43008,5505024,73472,34816,2688,0,False,double_buffer
342,bmm:5733,<top>,BMM_W8A8,rtl_bmm,67088,89344,0,,8064,8064,32768,1536,32768,11010048,384,43008,21504,524288,5505024,89344,14208,32768,0,False,double_buffer
343,bmm:5734,<top>,BMM_W8A8,rtl_bmm,12688,27744,0,,12288,12288,1344,96,1344,11010048,24,43008,524288,21504,5505024,27744,12672,1344,0,False,double_buffer
344,333,vision_language_interaction.fusion_layers.2.attn.out_v_proj,GEMM_W8A8,rtl_gemm,99856,223104,0,,98304,98304,8192,384,8192,134217728,96,524288,262144,131072,67108864,223104,99840,8192,8192,False,double_buffer
345,334,vision_language_interaction.fusion_layers.2.attn.out_l_proj,GEMM_W8A8,rtl_gemm,6256,13416,0,,6144,6144,336,24,336,5505024,6,21504,262144,5376,2752512,13416,6240,336,336,False,double_buffer
346,bmm:5801,vision_language_interaction.text_layers.2.self_attn,BMM_W8A8,rtl_bmm,720,1168,0,,168,168,336,32,336,112896,8,1764,5376,5376,56448,1168,296,336,0,False,double_buffer
347,335,vision_language_interaction.text_layers.2.self_attn,AUX_EVENT,aux_behavior,3360,3360,3360,0,1344,0,1344,0,0,0,0,21504,0,21504,0,,,,,,
348,336,vision_language_interaction.text_layers.2.norm1,LAYER_NORM,aux_behavior,2688,2688,2688,2688,1344,0,1344,0,0,0,0,21504,0,21504,0,,,,,,
349,337,vision_language_interaction.text_layers.2.linear1,GEMM_W8A8,rtl_gemm,6000,15736,0,,5632,5632,1344,88,1344,5505024,22,5376,262144,21504,2752512,15736,5984,1344,1344,False,double_buffer
350,338,vision_language_interaction.text_layers.2.linear2,GEMM_W8A8,rtl_gemm,6256,13416,0,,6144,6144,336,24,336,5505024,6,21504,262144,5376,2752512,13416,6240,336,336,False,double_buffer
351,339,vision_language_interaction.text_layers.2.norm2,LAYER_NORM,aux_behavior,2688,2688,2688,2688,1344,0,1344,0,0,0,0,21504,0,21504,0,,,,,,
352,340,vision_language_interaction.fusion_layers.3.layer_norm_v,LAYER_NORM,aux_behavior,65536,65536,65536,65536,32768,0,32768,0,0,0,0,524288,0,524288,0,,,,,,
353,341,vision_language_interaction.fusion_layers.3.layer_norm_l,LAYER_NORM,aux_behavior,2688,2688,2688,2688,1344,0,1344,0,0,0,0,21504,0,21504,0,,,,,,
354,342,vision_language_interaction.fusion_layers.3.attn.v_proj,GEMM_W8A8,rtl_gemm,99728,285568,0,,90112,90112,32768,1408,32768,134217728,352,131072,262144,524288,67108864,285568,95744,32768,32768,False,double_buffer
355,343,vision_language_interaction.fusion_layers.3.attn.l_proj,GEMM_W8A8,rtl_gemm,6000,15736,0,,5632,5632,1344,88,1344,5505024,22,5376,262144,21504,2752512,15736,5984,1344,1344,False,double_buffer
356,344,vision_language_interaction.fusion_layers.3.attn.values_v_proj,GEMM_W8A8,rtl_gemm,99728,285568,0,,90112,90112,32768,1408,32768,134217728,352,131072,262144,524288,67108864,285568,95744,32768,32768,False,double_buffer
357,345,vision_language_interaction.fusion_layers.3.attn.values_l_proj,GEMM_W8A8,rtl_gemm,6000,15736,0,,5632,5632,1344,88,1344,5505024,22,5376,262144,21504,2752512,15736,5984,1344,1344,False,double_buffer
358,bmm:5934,<top>,BMM_W8A8,rtl_bmm,34832,73472,0,,32768,32768,2688,512,2688,11010048,128,524288,21504,43008,5505024,73472,34816,2688,0,False,double_buffer
359,bmm:5955,<top>,BMM_W8A8,rtl_bmm,67088,89344,0,,8064,8064,32768,1536,32768,11010048,384,43008,21504,524288,5505024,89344,14208,32768,0,False,double_buffer
360,bmm:5956,<top>,BMM_W8A8,rtl_bmm,12688,27744,0,,12288,12288,1344,96,1344,11010048,24,43008,524288,21504,5505024,27744,12672,1344,0,False,double_buffer
361,346,vision_language_interaction.fusion_layers.3.attn.out_v_proj,GEMM_W8A8,rtl_gemm,99856,223104,0,,98304,98304,8192,384,8192,134217728,96,524288,262144,131072,67108864,223104,99840,8192,8192,False,double_buffer
362,347,vision_language_interaction.fusion_layers.3.attn.out_l_proj,GEMM_W8A8,rtl_gemm,6256,13416,0,,6144,6144,336,24,336,5505024,6,21504,262144,5376,2752512,13416,6240,336,336,False,double_buffer
363,bmm:6023,vision_language_interaction.text_layers.3.self_attn,BMM_W8A8,rtl_bmm,720,1168,0,,168,168,336,32,336,112896,8,1764,5376,5376,56448,1168,296,336,0,False,double_buffer
364,348,vision_language_interaction.text_layers.3.self_attn,AUX_EVENT,aux_behavior,3360,3360,3360,0,1344,0,1344,0,0,0,0,21504,0,21504,0,,,,,,
365,349,vision_language_interaction.text_layers.3.norm1,LAYER_NORM,aux_behavior,2688,2688,2688,2688,1344,0,1344,0,0,0,0,21504,0,21504,0,,,,,,
366,350,vision_language_interaction.text_layers.3.linear1,GEMM_W8A8,rtl_gemm,6000,15736,0,,5632,5632,1344,88,1344,5505024,22,5376,262144,21504,2752512,15736,5984,1344,1344,False,double_buffer
367,351,vision_language_interaction.text_layers.3.linear2,GEMM_W8A8,rtl_gemm,6256,13416,0,,6144,6144,336,24,336,5505024,6,21504,262144,5376,2752512,13416,6240,336,336,False,double_buffer
368,352,vision_language_interaction.text_layers.3.norm2,LAYER_NORM,aux_behavior,2688,2688,2688,2688,1344,0,1344,0,0,0,0,21504,0,21504,0,,,,,,
369,353,vision_language_interaction.fusion_layers.4.layer_norm_v,LAYER_NORM,aux_behavior,65536,65536,65536,65536,32768,0,32768,0,0,0,0,524288,0,524288,0,,,,,,
370,354,vision_language_interaction.fusion_layers.4.layer_norm_l,LAYER_NORM,aux_behavior,2688,2688,2688,2688,1344,0,1344,0,0,0,0,21504,0,21504,0,,,,,,
371,355,vision_language_interaction.fusion_layers.4.attn.v_proj,GEMM_W8A8,rtl_gemm,99728,285568,0,,90112,90112,32768,1408,32768,134217728,352,131072,262144,524288,67108864,285568,95744,32768,32768,False,double_buffer
372,356,vision_language_interaction.fusion_layers.4.attn.l_proj,GEMM_W8A8,rtl_gemm,6000,15736,0,,5632,5632,1344,88,1344,5505024,22,5376,262144,21504,2752512,15736,5984,1344,1344,False,double_buffer
373,357,vision_language_interaction.fusion_layers.4.attn.values_v_proj,GEMM_W8A8,rtl_gemm,99728,285568,0,,90112,90112,32768,1408,32768,134217728,352,131072,262144,524288,67108864,285568,95744,32768,32768,False,double_buffer
374,358,vision_language_interaction.fusion_layers.4.attn.values_l_proj,GEMM_W8A8,rtl_gemm,6000,15736,0,,5632,5632,1344,88,1344,5505024,22,5376,262144,21504,2752512,15736,5984,1344,1344,False,double_buffer
375,bmm:6156,<top>,BMM_W8A8,rtl_bmm,34832,73472,0,,32768,32768,2688,512,2688,11010048,128,524288,21504,43008,5505024,73472,34816,2688,0,False,double_buffer
376,bmm:6177,<top>,BMM_W8A8,rtl_bmm,67088,89344,0,,8064,8064,32768,1536,32768,11010048,384,43008,21504,524288,5505024,89344,14208,32768,0,False,double_buffer
377,bmm:6178,<top>,BMM_W8A8,rtl_bmm,12688,27744,0,,12288,12288,1344,96,1344,11010048,24,43008,524288,21504,5505024,27744,12672,1344,0,False,double_buffer
378,359,vision_language_interaction.fusion_layers.4.attn.out_v_proj,GEMM_W8A8,rtl_gemm,99856,223104,0,,98304,98304,8192,384,8192,134217728,96,524288,262144,131072,67108864,223104,99840,8192,8192,False,double_buffer
379,360,vision_language_interaction.fusion_layers.4.attn.out_l_proj,GEMM_W8A8,rtl_gemm,6256,13416,0,,6144,6144,336,24,336,5505024,6,21504,262144,5376,2752512,13416,6240,336,336,False,double_buffer
380,bmm:6245,vision_language_interaction.text_layers.4.self_attn,BMM_W8A8,rtl_bmm,720,1168,0,,168,168,336,32,336,112896,8,1764,5376,5376,56448,1168,296,336,0,False,double_buffer
381,361,vision_language_interaction.text_layers.4.self_attn,AUX_EVENT,aux_behavior,3360,3360,3360,0,1344,0,1344,0,0,0,0,21504,0,21504,0,,,,,,
382,362,vision_language_interaction.text_layers.4.norm1,LAYER_NORM,aux_behavior,2688,2688,2688,2688,1344,0,1344,0,0,0,0,21504,0,21504,0,,,,,,
383,363,vision_language_interaction.text_layers.4.linear1,GEMM_W8A8,rtl_gemm,6000,15736,0,,5632,5632,1344,88,1344,5505024,22,5376,262144,21504,2752512,15736,5984,1344,1344,False,double_buffer
384,364,vision_language_interaction.text_layers.4.linear2,GEMM_W8A8,rtl_gemm,6256,13416,0,,6144,6144,336,24,336,5505024,6,21504,262144,5376,2752512,13416,6240,336,336,False,double_buffer
385,365,vision_language_interaction.text_layers.4.norm2,LAYER_NORM,aux_behavior,2688,2688,2688,2688,1344,0,1344,0,0,0,0,21504,0,21504,0,,,,,,
386,366,vision_language_interaction.fusion_layers.5.layer_norm_v,LAYER_NORM,aux_behavior,65536,65536,65536,65536,32768,0,32768,0,0,0,0,524288,0,524288,0,,,,,,
387,367,vision_language_interaction.fusion_layers.5.layer_norm_l,LAYER_NORM,aux_behavior,2688,2688,2688,2688,1344,0,1344,0,0,0,0,21504,0,21504,0,,,,,,
388,368,vision_language_interaction.fusion_layers.5.attn.v_proj,GEMM_W8A8,rtl_gemm,99728,285568,0,,90112,90112,32768,1408,32768,134217728,352,131072,262144,524288,67108864,285568,95744,32768,32768,False,double_buffer
389,369,vision_language_interaction.fusion_layers.5.attn.l_proj,GEMM_W8A8,rtl_gemm,6000,15736,0,,5632,5632,1344,88,1344,5505024,22,5376,262144,21504,2752512,15736,5984,1344,1344,False,double_buffer
390,370,vision_language_interaction.fusion_layers.5.attn.values_v_proj,GEMM_W8A8,rtl_gemm,99728,285568,0,,90112,90112,32768,1408,32768,134217728,352,131072,262144,524288,67108864,285568,95744,32768,32768,False,double_buffer
391,371,vision_language_interaction.fusion_layers.5.attn.values_l_proj,GEMM_W8A8,rtl_gemm,6000,15736,0,,5632,5632,1344,88,1344,5505024,22,5376,262144,21504,2752512,15736,5984,1344,1344,False,double_buffer
392,bmm:6378,<top>,BMM_W8A8,rtl_bmm,34832,73472,0,,32768,32768,2688,512,2688,11010048,128,524288,21504,43008,5505024,73472,34816,2688,0,False,double_buffer
393,bmm:6399,<top>,BMM_W8A8,rtl_bmm,67088,89344,0,,8064,8064,32768,1536,32768,11010048,384,43008,21504,524288,5505024,89344,14208,32768,0,False,double_buffer
394,bmm:6400,<top>,BMM_W8A8,rtl_bmm,12688,27744,0,,12288,12288,1344,96,1344,11010048,24,43008,524288,21504,5505024,27744,12672,1344,0,False,double_buffer
395,372,vision_language_interaction.fusion_layers.5.attn.out_v_proj,GEMM_W8A8,rtl_gemm,99856,223104,0,,98304,98304,8192,384,8192,134217728,96,524288,262144,131072,67108864,223104,99840,8192,8192,False,double_buffer
396,373,vision_language_interaction.fusion_layers.5.attn.out_l_proj,GEMM_W8A8,rtl_gemm,6256,13416,0,,6144,6144,336,24,336,5505024,6,21504,262144,5376,2752512,13416,6240,336,336,False,double_buffer
397,bmm:6467,vision_language_interaction.text_layers.5.self_attn,BMM_W8A8,rtl_bmm,720,1168,0,,168,168,336,32,336,112896,8,1764,5376,5376,56448,1168,296,336,0,False,double_buffer
398,374,vision_language_interaction.text_layers.5.self_attn,AUX_EVENT,aux_behavior,3360,3360,3360,0,1344,0,1344,0,0,0,0,21504,0,21504,0,,,,,,
399,375,vision_language_interaction.text_layers.5.norm1,LAYER_NORM,aux_behavior,2688,2688,2688,2688,1344,0,1344,0,0,0,0,21504,0,21504,0,,,,,,
400,376,vision_language_interaction.text_layers.5.linear1,GEMM_W8A8,rtl_gemm,6000,15736,0,,5632,5632,1344,88,1344,5505024,22,5376,262144,21504,2752512,15736,5984,1344,1344,False,double_buffer
401,377,vision_language_interaction.text_layers.5.linear2,GEMM_W8A8,rtl_gemm,6256,13416,0,,6144,6144,336,24,336,5505024,6,21504,262144,5376,2752512,13416,6240,336,336,False,double_buffer
402,378,vision_language_interaction.text_layers.5.norm2,LAYER_NORM,aux_behavior,2688,2688,2688,2688,1344,0,1344,0,0,0,0,21504,0,21504,0,,,,,,
403,379,action_head.state_projection.net.0,LAYER_NORM,aux_behavior,16,16,16,16,2,0,2,0,0,0,0,32,0,32,0,,,,,,
404,380,action_head.state_projection.net.1,GEMM_W8A8,rtl_gemm,88,156,0,,24,24,16,12,16,2048,3,8,2048,256,1024,156,72,16,16,False,double_buffer
405,381,action_head.state_projection.net.2,GELU,aux_behavior,80,80,80,80,64,0,64,0,0,0,0,1024,0,1024,0,,,,,,
406,382,action_head.state_projection.net.4,GEMM_W8A8,rtl_gemm,1648,3288,0,,1536,1536,32,24,32,131072,6,256,131072,512,65536,3288,1632,32,32,False,double_buffer
407,383,action_head.state_projection.output_norm,LAYER_NORM,aux_behavior,256,256,256,256,128,0,128,0,0,0,0,2048,0,2048,0,,,,,,
408,384,action_head.decoder.decoder.layers.0.norm1,LAYER_NORM,aux_behavior,1536,1536,1536,1536,768,0,768,0,0,0,0,12288,0,12288,0,,,,,,
409,385,action_head.decoder.decoder.layers.0.self_attn,AUX_EVENT,aux_behavior,1920,1920,1920,0,768,0,768,0,0,0,0,12288,0,12288,0,,,,,,
410,386,action_head.decoder.decoder.layers.0.norm2,LAYER_NORM,aux_behavior,1536,1536,1536,1536,768,0,768,0,0,0,0,12288,0,12288,0,,,,,,
411,387,action_head.decoder.decoder.layers.0.multihead_attn,AUX_EVENT,aux_behavior,1920,1920,1920,0,768,0,768,0,0,0,0,12288,0,12288,0,,,,,,
412,388,action_head.decoder.decoder.layers.0.norm3,LAYER_NORM,aux_behavior,1536,1536,1536,1536,768,0,768,0,0,0,0,12288,0,12288,0,,,,,,
413,389,action_head.decoder.decoder.layers.0.linear1,GEMM_W8A8,rtl_gemm,6000,16312,0,,5632,5632,1536,88,1536,6291456,22,3072,524288,24576,3145728,16312,5984,1536,1536,False,double_buffer
414,390,action_head.decoder.decoder.layers.0.linear2,GEMM_W8A8,rtl_gemm,6208,12924,0,,6144,6144,192,12,192,6291456,3,24576,524288,3072,3145728,12924,6192,192,192,False,double_buffer
415,391,action_head.decoder.decoder.layers.1.norm1,LAYER_NORM,aux_behavior,1536,1536,1536,1536,768,0,768,0,0,0,0,12288,0,12288,0,,,,,,
416,392,action_head.decoder.decoder.layers.1.self_attn,AUX_EVENT,aux_behavior,1920,1920,1920,0,768,0,768,0,0,0,0,12288,0,12288,0,,,,,,
417,393,action_head.decoder.decoder.layers.1.norm2,LAYER_NORM,aux_behavior,1536,1536,1536,1536,768,0,768,0,0,0,0,12288,0,12288,0,,,,,,
418,394,action_head.decoder.decoder.layers.1.multihead_attn,AUX_EVENT,aux_behavior,1920,1920,1920,0,768,0,768,0,0,0,0,12288,0,12288,0,,,,,,
419,395,action_head.decoder.decoder.layers.1.norm3,LAYER_NORM,aux_behavior,1536,1536,1536,1536,768,0,768,0,0,0,0,12288,0,12288,0,,,,,,
420,396,action_head.decoder.decoder.layers.1.linear1,GEMM_W8A8,rtl_gemm,6000,16312,0,,5632,5632,1536,88,1536,6291456,22,3072,524288,24576,3145728,16312,5984,1536,1536,False,double_buffer
421,397,action_head.decoder.decoder.layers.1.linear2,GEMM_W8A8,rtl_gemm,6208,12924,0,,6144,6144,192,12,192,6291456,3,24576,524288,3072,3145728,12924,6192,192,192,False,double_buffer
422,398,action_head.decoder.decoder.layers.2.norm1,LAYER_NORM,aux_behavior,1536,1536,1536,1536,768,0,768,0,0,0,0,12288,0,12288,0,,,,,,
423,399,action_head.decoder.decoder.layers.2.self_attn,AUX_EVENT,aux_behavior,1920,1920,1920,0,768,0,768,0,0,0,0,12288,0,12288,0,,,,,,
424,400,action_head.decoder.decoder.layers.2.norm2,LAYER_NORM,aux_behavior,1536,1536,1536,1536,768,0,768,0,0,0,0,12288,0,12288,0,,,,,,
425,401,action_head.decoder.decoder.layers.2.multihead_attn,AUX_EVENT,aux_behavior,1920,1920,1920,0,768,0,768,0,0,0,0,12288,0,12288,0,,,,,,
426,402,action_head.decoder.decoder.layers.2.norm3,LAYER_NORM,aux_behavior,1536,1536,1536,1536,768,0,768,0,0,0,0,12288,0,12288,0,,,,,,
427,403,action_head.decoder.decoder.layers.2.linear1,GEMM_W8A8,rtl_gemm,6000,16312,0,,5632,5632,1536,88,1536,6291456,22,3072,524288,24576,3145728,16312,5984,1536,1536,False,double_buffer
428,404,action_head.decoder.decoder.layers.2.linear2,GEMM_W8A8,rtl_gemm,6208,12924,0,,6144,6144,192,12,192,6291456,3,24576,524288,3072,3145728,12924,6192,192,192,False,double_buffer
429,405,action_head.decoder.action_projection.layers.0,GEMM_W8A8,rtl_gemm,1648,4344,0,,1536,1536,384,24,384,1572864,6,3072,131072,6144,786432,4344,1632,384,384,False,double_buffer
430,406,action_head.decoder.action_projection.layers.1,GEMM_W8A8,rtl_gemm,3184,7416,0,,3072,3072,384,24,384,3145728,6,6144,262144,6144,1572864,7416,3168,384,384,False,double_buffer
431,407,action_head.decoder.action_projection.layers.2,GEMM_W8A8,rtl_gemm,544,1062,0,,512,512,6,4,6,43008,1,6144,3584,84,21504,1062,528,6,6,False,double_buffer
