seq,module_path,op,mapping,optimization_flags,total_cycles,base_total_cycles,serial_total_cycles,compute_cycles,fallback_cycles,snapshot_cycles,requant_cycles,write_cycles,base_write_cycles,activation_read_cycles,base_activation_read_cycles,weight_read_cycles,base_weight_read_cycles,valid_mac_count,tile_count,activation_bytes,weight_bytes,output_bytes,pipeline_guard_cycles
0,text_encoder.bert.embeddings.LayerNorm,LAYER_NORM,rtl_vector,pipeline,8064,8064,,,8064,,,,,,,,,,,64512,,64512,
1,text_encoder.bert.encoder.layer.0.attention.self.query,GEMM_W8A16,rtl_gemm,pipeline,52816,52816,52816,25088,,128,1008,1008,1008,16128,16128,24576,24576,12386304,32,32256,589824,32256,16
2,text_encoder.bert.encoder.layer.0.attention.self.key,GEMM_W8A16,rtl_gemm,pipeline,52816,52816,52816,25088,,128,1008,1008,1008,16128,16128,24576,24576,12386304,32,32256,589824,32256,16
3,text_encoder.bert.encoder.layer.0.attention.self.value,GEMM_W8A16,rtl_gemm,pipeline,52816,52816,52816,25088,,128,1008,1008,1008,16128,16128,24576,24576,12386304,32,32256,589824,32256,16
4,text_encoder.bert.encoder.layer.0.attention.output.dense,GEMM_W8A16,rtl_gemm,pipeline,52816,52816,52816,25088,,128,1008,1008,1008,16128,16128,24576,24576,12386304,32,32256,589824,32256,16
5,text_encoder.bert.encoder.layer.0.attention.output.LayerNorm,LAYER_NORM,rtl_vector,pipeline,8064,8064,,,8064,,,,,,,,,,,64512,,64512,
6,text_encoder.bert.encoder.layer.0.intermediate.dense,GEMM_W8A16,rtl_gemm,pipeline,211264,211264,211264,100352,,512,4032,4032,4032,64512,64512,98304,98304,49545216,128,32256,2359296,129024,16
7,text_encoder.bert.encoder.layer.0.output.dense,GEMM_W8A16,rtl_gemm,pipeline,200272,200272,200272,98816,,128,1008,1008,1008,64512,64512,98304,98304,49545216,32,129024,2359296,32256,16
8,text_encoder.bert.encoder.layer.0.output.LayerNorm,LAYER_NORM,rtl_vector,pipeline,8064,8064,,,8064,,,,,,,,,,,64512,,64512,
9,text_encoder.bert.encoder.layer.1.attention.self.query,GEMM_W8A16,rtl_gemm,pipeline,52816,52816,52816,25088,,128,1008,1008,1008,16128,16128,24576,24576,12386304,32,32256,589824,32256,16
10,text_encoder.bert.encoder.layer.1.attention.self.key,GEMM_W8A16,rtl_gemm,pipeline,52816,52816,52816,25088,,128,1008,1008,1008,16128,16128,24576,24576,12386304,32,32256,589824,32256,16
11,text_encoder.bert.encoder.layer.1.attention.self.value,GEMM_W8A16,rtl_gemm,pipeline,52816,52816,52816,25088,,128,1008,1008,1008,16128,16128,24576,24576,12386304,32,32256,589824,32256,16
12,text_encoder.bert.encoder.layer.1.attention.output.dense,GEMM_W8A16,rtl_gemm,pipeline,52816,52816,52816,25088,,128,1008,1008,1008,16128,16128,24576,24576,12386304,32,32256,589824,32256,16
13,text_encoder.bert.encoder.layer.1.attention.output.LayerNorm,LAYER_NORM,rtl_vector,pipeline,8064,8064,,,8064,,,,,,,,,,,64512,,64512,
14,text_encoder.bert.encoder.layer.1.intermediate.dense,GEMM_W8A16,rtl_gemm,pipeline,211264,211264,211264,100352,,512,4032,4032,4032,64512,64512,98304,98304,49545216,128,32256,2359296,129024,16
15,text_encoder.bert.encoder.layer.1.output.dense,GEMM_W8A16,rtl_gemm,pipeline,200272,200272,200272,98816,,128,1008,1008,1008,64512,64512,98304,98304,49545216,32,129024,2359296,32256,16
16,text_encoder.bert.encoder.layer.1.output.LayerNorm,LAYER_NORM,rtl_vector,pipeline,8064,8064,,,8064,,,,,,,,,,,64512,,64512,
17,text_encoder.bert.encoder.layer.2.attention.self.query,GEMM_W8A16,rtl_gemm,pipeline,52816,52816,52816,25088,,128,1008,1008,1008,16128,16128,24576,24576,12386304,32,32256,589824,32256,16
18,text_encoder.bert.encoder.layer.2.attention.self.key,GEMM_W8A16,rtl_gemm,pipeline,52816,52816,52816,25088,,128,1008,1008,1008,16128,16128,24576,24576,12386304,32,32256,589824,32256,16
19,text_encoder.bert.encoder.layer.2.attention.self.value,GEMM_W8A16,rtl_gemm,pipeline,52816,52816,52816,25088,,128,1008,1008,1008,16128,16128,24576,24576,12386304,32,32256,589824,32256,16
20,text_encoder.bert.encoder.layer.2.attention.output.dense,GEMM_W8A16,rtl_gemm,pipeline,52816,52816,52816,25088,,128,1008,1008,1008,16128,16128,24576,24576,12386304,32,32256,589824,32256,16
21,text_encoder.bert.encoder.layer.2.attention.output.LayerNorm,LAYER_NORM,rtl_vector,pipeline,8064,8064,,,8064,,,,,,,,,,,64512,,64512,
22,text_encoder.bert.encoder.layer.2.intermediate.dense,GEMM_W8A16,rtl_gemm,pipeline,211264,211264,211264,100352,,512,4032,4032,4032,64512,64512,98304,98304,49545216,128,32256,2359296,129024,16
23,text_encoder.bert.encoder.layer.2.output.dense,GEMM_W8A16,rtl_gemm,pipeline,200272,200272,200272,98816,,128,1008,1008,1008,64512,64512,98304,98304,49545216,32,129024,2359296,32256,16
24,text_encoder.bert.encoder.layer.2.output.LayerNorm,LAYER_NORM,rtl_vector,pipeline,8064,8064,,,8064,,,,,,,,,,,64512,,64512,
25,text_encoder.bert.encoder.layer.3.attention.self.query,GEMM_W8A16,rtl_gemm,pipeline,52816,52816,52816,25088,,128,1008,1008,1008,16128,16128,24576,24576,12386304,32,32256,589824,32256,16
26,text_encoder.bert.encoder.layer.3.attention.self.key,GEMM_W8A16,rtl_gemm,pipeline,52816,52816,52816,25088,,128,1008,1008,1008,16128,16128,24576,24576,12386304,32,32256,589824,32256,16
27,text_encoder.bert.encoder.layer.3.attention.self.value,GEMM_W8A16,rtl_gemm,pipeline,52816,52816,52816,25088,,128,1008,1008,1008,16128,16128,24576,24576,12386304,32,32256,589824,32256,16
28,text_encoder.bert.encoder.layer.3.attention.output.dense,GEMM_W8A16,rtl_gemm,pipeline,52816,52816,52816,25088,,128,1008,1008,1008,16128,16128,24576,24576,12386304,32,32256,589824,32256,16
29,text_encoder.bert.encoder.layer.3.attention.output.LayerNorm,LAYER_NORM,rtl_vector,pipeline,8064,8064,,,8064,,,,,,,,,,,64512,,64512,
30,text_encoder.bert.encoder.layer.3.intermediate.dense,GEMM_W8A16,rtl_gemm,pipeline,211264,211264,211264,100352,,512,4032,4032,4032,64512,64512,98304,98304,49545216,128,32256,2359296,129024,16
31,text_encoder.bert.encoder.layer.3.output.dense,GEMM_W8A16,rtl_gemm,pipeline,200272,200272,200272,98816,,128,1008,1008,1008,64512,64512,98304,98304,49545216,32,129024,2359296,32256,16
32,text_encoder.bert.encoder.layer.3.output.LayerNorm,LAYER_NORM,rtl_vector,pipeline,8064,8064,,,8064,,,,,,,,,,,64512,,64512,
33,text_encoder.bert.encoder.layer.4.attention.self.query,GEMM_W8A16,rtl_gemm,pipeline,52816,52816,52816,25088,,128,1008,1008,1008,16128,16128,24576,24576,12386304,32,32256,589824,32256,16
34,text_encoder.bert.encoder.layer.4.attention.self.key,GEMM_W8A16,rtl_gemm,pipeline,52816,52816,52816,25088,,128,1008,1008,1008,16128,16128,24576,24576,12386304,32,32256,589824,32256,16
35,text_encoder.bert.encoder.layer.4.attention.self.value,GEMM_W8A16,rtl_gemm,pipeline,52816,52816,52816,25088,,128,1008,1008,1008,16128,16128,24576,24576,12386304,32,32256,589824,32256,16
36,text_encoder.bert.encoder.layer.4.attention.output.dense,GEMM_W8A16,rtl_gemm,pipeline,52816,52816,52816,25088,,128,1008,1008,1008,16128,16128,24576,24576,12386304,32,32256,589824,32256,16
37,text_encoder.bert.encoder.layer.4.attention.output.LayerNorm,LAYER_NORM,rtl_vector,pipeline,8064,8064,,,8064,,,,,,,,,,,64512,,64512,
38,text_encoder.bert.encoder.layer.4.intermediate.dense,GEMM_W8A16,rtl_gemm,pipeline,211264,211264,211264,100352,,512,4032,4032,4032,64512,64512,98304,98304,49545216,128,32256,2359296,129024,16
39,text_encoder.bert.encoder.layer.4.output.dense,GEMM_W8A16,rtl_gemm,pipeline,200272,200272,200272,98816,,128,1008,1008,1008,64512,64512,98304,98304,49545216,32,129024,2359296,32256,16
40,text_encoder.bert.encoder.layer.4.output.LayerNorm,LAYER_NORM,rtl_vector,pipeline,8064,8064,,,8064,,,,,,,,,,,64512,,64512,
41,text_encoder.bert.encoder.layer.5.attention.self.query,GEMM_W8A16,rtl_gemm,pipeline,52816,52816,52816,25088,,128,1008,1008,1008,16128,16128,24576,24576,12386304,32,32256,589824,32256,16
42,text_encoder.bert.encoder.layer.5.attention.self.key,GEMM_W8A16,rtl_gemm,pipeline,52816,52816,52816,25088,,128,1008,1008,1008,16128,16128,24576,24576,12386304,32,32256,589824,32256,16
43,text_encoder.bert.encoder.layer.5.attention.self.value,GEMM_W8A16,rtl_gemm,pipeline,52816,52816,52816,25088,,128,1008,1008,1008,16128,16128,24576,24576,12386304,32,32256,589824,32256,16
44,text_encoder.bert.encoder.layer.5.attention.output.dense,GEMM_W8A16,rtl_gemm,pipeline,52816,52816,52816,25088,,128,1008,1008,1008,16128,16128,24576,24576,12386304,32,32256,589824,32256,16
45,text_encoder.bert.encoder.layer.5.attention.output.LayerNorm,LAYER_NORM,rtl_vector,pipeline,8064,8064,,,8064,,,,,,,,,,,64512,,64512,
46,text_encoder.bert.encoder.layer.5.intermediate.dense,GEMM_W8A16,rtl_gemm,pipeline,211264,211264,211264,100352,,512,4032,4032,4032,64512,64512,98304,98304,49545216,128,32256,2359296,129024,16
47,text_encoder.bert.encoder.layer.5.output.dense,GEMM_W8A16,rtl_gemm,pipeline,200272,200272,200272,98816,,128,1008,1008,1008,64512,64512,98304,98304,49545216,32,129024,2359296,32256,16
48,text_encoder.bert.encoder.layer.5.output.LayerNorm,LAYER_NORM,rtl_vector,pipeline,8064,8064,,,8064,,,,,,,,,,,64512,,64512,
49,text_encoder.bert.encoder.layer.6.attention.self.query,GEMM_W8A16,rtl_gemm,pipeline,52816,52816,52816,25088,,128,1008,1008,1008,16128,16128,24576,24576,12386304,32,32256,589824,32256,16
50,text_encoder.bert.encoder.layer.6.attention.self.key,GEMM_W8A16,rtl_gemm,pipeline,52816,52816,52816,25088,,128,1008,1008,1008,16128,16128,24576,24576,12386304,32,32256,589824,32256,16
51,text_encoder.bert.encoder.layer.6.attention.self.value,GEMM_W8A16,rtl_gemm,pipeline,52816,52816,52816,25088,,128,1008,1008,1008,16128,16128,24576,24576,12386304,32,32256,589824,32256,16
52,text_encoder.bert.encoder.layer.6.attention.output.dense,GEMM_W8A16,rtl_gemm,pipeline,52816,52816,52816,25088,,128,1008,1008,1008,16128,16128,24576,24576,12386304,32,32256,589824,32256,16
53,text_encoder.bert.encoder.layer.6.attention.output.LayerNorm,LAYER_NORM,rtl_vector,pipeline,8064,8064,,,8064,,,,,,,,,,,64512,,64512,
54,text_encoder.bert.encoder.layer.6.intermediate.dense,GEMM_W8A16,rtl_gemm,pipeline,211264,211264,211264,100352,,512,4032,4032,4032,64512,64512,98304,98304,49545216,128,32256,2359296,129024,16
55,text_encoder.bert.encoder.layer.6.output.dense,GEMM_W8A16,rtl_gemm,pipeline,200272,200272,200272,98816,,128,1008,1008,1008,64512,64512,98304,98304,49545216,32,129024,2359296,32256,16
56,text_encoder.bert.encoder.layer.6.output.LayerNorm,LAYER_NORM,rtl_vector,pipeline,8064,8064,,,8064,,,,,,,,,,,64512,,64512,
57,text_encoder.bert.encoder.layer.7.attention.self.query,GEMM_W8A16,rtl_gemm,pipeline,52816,52816,52816,25088,,128,1008,1008,1008,16128,16128,24576,24576,12386304,32,32256,589824,32256,16
58,text_encoder.bert.encoder.layer.7.attention.self.key,GEMM_W8A16,rtl_gemm,pipeline,52816,52816,52816,25088,,128,1008,1008,1008,16128,16128,24576,24576,12386304,32,32256,589824,32256,16
59,text_encoder.bert.encoder.layer.7.attention.self.value,GEMM_W8A16,rtl_gemm,pipeline,52816,52816,52816,25088,,128,1008,1008,1008,16128,16128,24576,24576,12386304,32,32256,589824,32256,16
60,text_encoder.bert.encoder.layer.7.attention.output.dense,GEMM_W8A16,rtl_gemm,pipeline,52816,52816,52816,25088,,128,1008,1008,1008,16128,16128,24576,24576,12386304,32,32256,589824,32256,16
61,text_encoder.bert.encoder.layer.7.attention.output.LayerNorm,LAYER_NORM,rtl_vector,pipeline,8064,8064,,,8064,,,,,,,,,,,64512,,64512,
62,text_encoder.bert.encoder.layer.7.intermediate.dense,GEMM_W8A16,rtl_gemm,pipeline,211264,211264,211264,100352,,512,4032,4032,4032,64512,64512,98304,98304,49545216,128,32256,2359296,129024,16
63,text_encoder.bert.encoder.layer.7.output.dense,GEMM_W8A16,rtl_gemm,pipeline,200272,200272,200272,98816,,128,1008,1008,1008,64512,64512,98304,98304,49545216,32,129024,2359296,32256,16
64,text_encoder.bert.encoder.layer.7.output.LayerNorm,LAYER_NORM,rtl_vector,pipeline,8064,8064,,,8064,,,,,,,,,,,64512,,64512,
65,text_encoder.bert.encoder.layer.8.attention.self.query,GEMM_W8A16,rtl_gemm,pipeline,52816,52816,52816,25088,,128,1008,1008,1008,16128,16128,24576,24576,12386304,32,32256,589824,32256,16
66,text_encoder.bert.encoder.layer.8.attention.self.key,GEMM_W8A16,rtl_gemm,pipeline,52816,52816,52816,25088,,128,1008,1008,1008,16128,16128,24576,24576,12386304,32,32256,589824,32256,16
67,text_encoder.bert.encoder.layer.8.attention.self.value,GEMM_W8A16,rtl_gemm,pipeline,52816,52816,52816,25088,,128,1008,1008,1008,16128,16128,24576,24576,12386304,32,32256,589824,32256,16
68,text_encoder.bert.encoder.layer.8.attention.output.dense,GEMM_W8A16,rtl_gemm,pipeline,52816,52816,52816,25088,,128,1008,1008,1008,16128,16128,24576,24576,12386304,32,32256,589824,32256,16
69,text_encoder.bert.encoder.layer.8.attention.output.LayerNorm,LAYER_NORM,rtl_vector,pipeline,8064,8064,,,8064,,,,,,,,,,,64512,,64512,
70,text_encoder.bert.encoder.layer.8.intermediate.dense,GEMM_W8A16,rtl_gemm,pipeline,211264,211264,211264,100352,,512,4032,4032,4032,64512,64512,98304,98304,49545216,128,32256,2359296,129024,16
71,text_encoder.bert.encoder.layer.8.output.dense,GEMM_W8A16,rtl_gemm,pipeline,200272,200272,200272,98816,,128,1008,1008,1008,64512,64512,98304,98304,49545216,32,129024,2359296,32256,16
72,text_encoder.bert.encoder.layer.8.output.LayerNorm,LAYER_NORM,rtl_vector,pipeline,8064,8064,,,8064,,,,,,,,,,,64512,,64512,
73,text_encoder.bert.encoder.layer.9.attention.self.query,GEMM_W8A16,rtl_gemm,pipeline,52816,52816,52816,25088,,128,1008,1008,1008,16128,16128,24576,24576,12386304,32,32256,589824,32256,16
74,text_encoder.bert.encoder.layer.9.attention.self.key,GEMM_W8A16,rtl_gemm,pipeline,52816,52816,52816,25088,,128,1008,1008,1008,16128,16128,24576,24576,12386304,32,32256,589824,32256,16
75,text_encoder.bert.encoder.layer.9.attention.self.value,GEMM_W8A16,rtl_gemm,pipeline,52816,52816,52816,25088,,128,1008,1008,1008,16128,16128,24576,24576,12386304,32,32256,589824,32256,16
76,text_encoder.bert.encoder.layer.9.attention.output.dense,GEMM_W8A16,rtl_gemm,pipeline,52816,52816,52816,25088,,128,1008,1008,1008,16128,16128,24576,24576,12386304,32,32256,589824,32256,16
77,text_encoder.bert.encoder.layer.9.attention.output.LayerNorm,LAYER_NORM,rtl_vector,pipeline,8064,8064,,,8064,,,,,,,,,,,64512,,64512,
78,text_encoder.bert.encoder.layer.9.intermediate.dense,GEMM_W8A16,rtl_gemm,pipeline,211264,211264,211264,100352,,512,4032,4032,4032,64512,64512,98304,98304,49545216,128,32256,2359296,129024,16
79,text_encoder.bert.encoder.layer.9.output.dense,GEMM_W8A16,rtl_gemm,pipeline,200272,200272,200272,98816,,128,1008,1008,1008,64512,64512,98304,98304,49545216,32,129024,2359296,32256,16
80,text_encoder.bert.encoder.layer.9.output.LayerNorm,LAYER_NORM,rtl_vector,pipeline,8064,8064,,,8064,,,,,,,,,,,64512,,64512,
81,text_encoder.bert.encoder.layer.10.attention.self.query,GEMM_W8A16,rtl_gemm,pipeline,52816,52816,52816,25088,,128,1008,1008,1008,16128,16128,24576,24576,12386304,32,32256,589824,32256,16
82,text_encoder.bert.encoder.layer.10.attention.self.key,GEMM_W8A16,rtl_gemm,pipeline,52816,52816,52816,25088,,128,1008,1008,1008,16128,16128,24576,24576,12386304,32,32256,589824,32256,16
83,text_encoder.bert.encoder.layer.10.attention.self.value,GEMM_W8A16,rtl_gemm,pipeline,52816,52816,52816,25088,,128,1008,1008,1008,16128,16128,24576,24576,12386304,32,32256,589824,32256,16
84,text_encoder.bert.encoder.layer.10.attention.output.dense,GEMM_W8A16,rtl_gemm,pipeline,52816,52816,52816,25088,,128,1008,1008,1008,16128,16128,24576,24576,12386304,32,32256,589824,32256,16
85,text_encoder.bert.encoder.layer.10.attention.output.LayerNorm,LAYER_NORM,rtl_vector,pipeline,8064,8064,,,8064,,,,,,,,,,,64512,,64512,
86,text_encoder.bert.encoder.layer.10.intermediate.dense,GEMM_W8A16,rtl_gemm,pipeline,211264,211264,211264,100352,,512,4032,4032,4032,64512,64512,98304,98304,49545216,128,32256,2359296,129024,16
87,text_encoder.bert.encoder.layer.10.output.dense,GEMM_W8A16,rtl_gemm,pipeline,200272,200272,200272,98816,,128,1008,1008,1008,64512,64512,98304,98304,49545216,32,129024,2359296,32256,16
88,text_encoder.bert.encoder.layer.10.output.LayerNorm,LAYER_NORM,rtl_vector,pipeline,8064,8064,,,8064,,,,,,,,,,,64512,,64512,
89,text_encoder.bert.encoder.layer.11.attention.self.query,GEMM_W8A16,rtl_gemm,pipeline,52816,52816,52816,25088,,128,1008,1008,1008,16128,16128,24576,24576,12386304,32,32256,589824,32256,16
90,text_encoder.bert.encoder.layer.11.attention.self.key,GEMM_W8A16,rtl_gemm,pipeline,52816,52816,52816,25088,,128,1008,1008,1008,16128,16128,24576,24576,12386304,32,32256,589824,32256,16
91,text_encoder.bert.encoder.layer.11.attention.self.value,GEMM_W8A16,rtl_gemm,pipeline,52816,52816,52816,25088,,128,1008,1008,1008,16128,16128,24576,24576,12386304,32,32256,589824,32256,16
92,text_encoder.bert.encoder.layer.11.attention.output.dense,GEMM_W8A16,rtl_gemm,pipeline,52816,52816,52816,25088,,128,1008,1008,1008,16128,16128,24576,24576,12386304,32,32256,589824,32256,16
93,text_encoder.bert.encoder.layer.11.attention.output.LayerNorm,LAYER_NORM,rtl_vector,pipeline,8064,8064,,,8064,,,,,,,,,,,64512,,64512,
94,text_encoder.bert.encoder.layer.11.intermediate.dense,GEMM_W8A16,rtl_gemm,pipeline,211264,211264,211264,100352,,512,4032,4032,4032,64512,64512,98304,98304,49545216,128,32256,2359296,129024,16
95,text_encoder.bert.encoder.layer.11.output.dense,GEMM_W8A16,rtl_gemm,pipeline,200272,200272,200272,98816,,128,1008,1008,1008,64512,64512,98304,98304,49545216,32,129024,2359296,32256,16
96,text_encoder.bert.encoder.layer.11.output.LayerNorm,LAYER_NORM,rtl_vector,pipeline,8064,8064,,,8064,,,,,,,,,,,64512,,64512,
97,text_encoder.bert.pooler.dense,GEMM_W8A16,rtl_gemm,pipeline,25040,25040,25040,12544,,64,48,48,48,768,768,12288,12288,589824,16,1536,589824,1536,16
98,text_encoder.text_projection,GEMM_W8A16,rtl_gemm,pipeline,18656,18656,18656,9408,,48,336,336,336,6048,6048,8192,8192,4128768,12,32256,196608,10752,16
99,vision_encoder.backbone.embeddings.patch_embeddings,AUX_EVENT,aux_behavior,pipeline,147456,147456,,,147456,,,,,,,,,,,786432,,393216,
100,vision_encoder.backbone.layer.0.norm1,LAYER_NORM,rtl_vector,pipeline,100224,100224,,,100224,,,,,,,,,,,801792,,801792,
101,vision_encoder.backbone.layer.0.attention.q_proj,GEMM_W8A16,rtl_gemm,pipeline,460816,460816,460816,213248,,1088,12528,12528,12528,200448,200448,208896,208896,153944064,272,400896,589824,400896,16
102,vision_encoder.backbone.layer.0.attention.k_proj,GEMM_W8A16,rtl_gemm,pipeline,448288,448288,448288,213248,,1088,12528,12528,12528,200448,200448,208896,208896,153944064,272,400896,589824,400896,16
103,vision_encoder.backbone.layer.0.attention.v_proj,GEMM_W8A16,rtl_gemm,pipeline,460816,460816,460816,213248,,1088,12528,12528,12528,200448,200448,208896,208896,153944064,272,400896,589824,400896,16
104,vision_encoder.backbone.layer.0.attention.o_proj,GEMM_W8A16,rtl_gemm,pipeline,460816,460816,460816,213248,,1088,12528,12528,12528,200448,200448,208896,208896,153944064,272,400896,589824,400896,16
105,vision_encoder.backbone.layer.0.norm2,LAYER_NORM,rtl_vector,pipeline,100224,100224,,,100224,,,,,,,,,,,801792,,801792,
106,vision_encoder.backbone.layer.0.mlp.up_proj,GEMM_W8A16,rtl_gemm,pipeline,1843264,1843264,1843264,852992,,4352,50112,50112,50112,801792,801792,835584,835584,615776256,1088,400896,2359296,1603584,16
107,vision_encoder.backbone.layer.0.mlp.down_proj,GEMM_W8A16,rtl_gemm,pipeline,1714192,1714192,1714192,839936,,1088,12528,12528,12528,801792,801792,835584,835584,615776256,272,1603584,2359296,400896,16
108,vision_encoder.backbone.layer.1.norm1,LAYER_NORM,rtl_vector,pipeline,100224,100224,,,100224,,,,,,,,,,,801792,,801792,
109,vision_encoder.backbone.layer.1.attention.q_proj,GEMM_W8A16,rtl_gemm,pipeline,460816,460816,460816,213248,,1088,12528,12528,12528,200448,200448,208896,208896,153944064,272,400896,589824,400896,16
110,vision_encoder.backbone.layer.1.attention.k_proj,GEMM_W8A16,rtl_gemm,pipeline,448288,448288,448288,213248,,1088,12528,12528,12528,200448,200448,208896,208896,153944064,272,400896,589824,400896,16
111,vision_encoder.backbone.layer.1.attention.v_proj,GEMM_W8A16,rtl_gemm,pipeline,460816,460816,460816,213248,,1088,12528,12528,12528,200448,200448,208896,208896,153944064,272,400896,589824,400896,16
112,vision_encoder.backbone.layer.1.attention.o_proj,GEMM_W8A16,rtl_gemm,pipeline,460816,460816,460816,213248,,1088,12528,12528,12528,200448,200448,208896,208896,153944064,272,400896,589824,400896,16
113,vision_encoder.backbone.layer.1.norm2,LAYER_NORM,rtl_vector,pipeline,100224,100224,,,100224,,,,,,,,,,,801792,,801792,
114,vision_encoder.backbone.layer.1.mlp.up_proj,GEMM_W8A16,rtl_gemm,pipeline,1843264,1843264,1843264,852992,,4352,50112,50112,50112,801792,801792,835584,835584,615776256,1088,400896,2359296,1603584,16
115,vision_encoder.backbone.layer.1.mlp.down_proj,GEMM_W8A16,rtl_gemm,pipeline,1714192,1714192,1714192,839936,,1088,12528,12528,12528,801792,801792,835584,835584,615776256,272,1603584,2359296,400896,16
116,vision_encoder.backbone.layer.2.norm1,LAYER_NORM,rtl_vector,pipeline,100224,100224,,,100224,,,,,,,,,,,801792,,801792,
117,vision_encoder.backbone.layer.2.attention.q_proj,GEMM_W8A16,rtl_gemm,pipeline,460816,460816,460816,213248,,1088,12528,12528,12528,200448,200448,208896,208896,153944064,272,400896,589824,400896,16
118,vision_encoder.backbone.layer.2.attention.k_proj,GEMM_W8A16,rtl_gemm,pipeline,448288,448288,448288,213248,,1088,12528,12528,12528,200448,200448,208896,208896,153944064,272,400896,589824,400896,16
119,vision_encoder.backbone.layer.2.attention.v_proj,GEMM_W8A16,rtl_gemm,pipeline,460816,460816,460816,213248,,1088,12528,12528,12528,200448,200448,208896,208896,153944064,272,400896,589824,400896,16
120,vision_encoder.backbone.layer.2.attention.o_proj,GEMM_W8A16,rtl_gemm,pipeline,460816,460816,460816,213248,,1088,12528,12528,12528,200448,200448,208896,208896,153944064,272,400896,589824,400896,16
121,vision_encoder.backbone.layer.2.norm2,LAYER_NORM,rtl_vector,pipeline,100224,100224,,,100224,,,,,,,,,,,801792,,801792,
122,vision_encoder.backbone.layer.2.mlp.up_proj,GEMM_W8A16,rtl_gemm,pipeline,1843264,1843264,1843264,852992,,4352,50112,50112,50112,801792,801792,835584,835584,615776256,1088,400896,2359296,1603584,16
123,vision_encoder.backbone.layer.2.mlp.down_proj,GEMM_W8A16,rtl_gemm,pipeline,1714192,1714192,1714192,839936,,1088,12528,12528,12528,801792,801792,835584,835584,615776256,272,1603584,2359296,400896,16
124,vision_encoder.backbone.layer.3.norm1,LAYER_NORM,rtl_vector,pipeline,100224,100224,,,100224,,,,,,,,,,,801792,,801792,
125,vision_encoder.backbone.layer.3.attention.q_proj,GEMM_W8A16,rtl_gemm,pipeline,460816,460816,460816,213248,,1088,12528,12528,12528,200448,200448,208896,208896,153944064,272,400896,589824,400896,16
126,vision_encoder.backbone.layer.3.attention.k_proj,GEMM_W8A16,rtl_gemm,pipeline,448288,448288,448288,213248,,1088,12528,12528,12528,200448,200448,208896,208896,153944064,272,400896,589824,400896,16
127,vision_encoder.backbone.layer.3.attention.v_proj,GEMM_W8A16,rtl_gemm,pipeline,460816,460816,460816,213248,,1088,12528,12528,12528,200448,200448,208896,208896,153944064,272,400896,589824,400896,16
128,vision_encoder.backbone.layer.3.attention.o_proj,GEMM_W8A16,rtl_gemm,pipeline,460816,460816,460816,213248,,1088,12528,12528,12528,200448,200448,208896,208896,153944064,272,400896,589824,400896,16
129,vision_encoder.backbone.layer.3.norm2,LAYER_NORM,rtl_vector,pipeline,100224,100224,,,100224,,,,,,,,,,,801792,,801792,
130,vision_encoder.backbone.layer.3.mlp.up_proj,GEMM_W8A16,rtl_gemm,pipeline,1843264,1843264,1843264,852992,,4352,50112,50112,50112,801792,801792,835584,835584,615776256,1088,400896,2359296,1603584,16
131,vision_encoder.backbone.layer.3.mlp.down_proj,GEMM_W8A16,rtl_gemm,pipeline,1714192,1714192,1714192,839936,,1088,12528,12528,12528,801792,801792,835584,835584,615776256,272,1603584,2359296,400896,16
132,vision_encoder.backbone.layer.4.norm1,LAYER_NORM,rtl_vector,pipeline,100224,100224,,,100224,,,,,,,,,,,801792,,801792,
133,vision_encoder.backbone.layer.4.attention.q_proj,GEMM_W8A16,rtl_gemm,pipeline,460816,460816,460816,213248,,1088,12528,12528,12528,200448,200448,208896,208896,153944064,272,400896,589824,400896,16
134,vision_encoder.backbone.layer.4.attention.k_proj,GEMM_W8A16,rtl_gemm,pipeline,448288,448288,448288,213248,,1088,12528,12528,12528,200448,200448,208896,208896,153944064,272,400896,589824,400896,16
135,vision_encoder.backbone.layer.4.attention.v_proj,GEMM_W8A16,rtl_gemm,pipeline,460816,460816,460816,213248,,1088,12528,12528,12528,200448,200448,208896,208896,153944064,272,400896,589824,400896,16
136,vision_encoder.backbone.layer.4.attention.o_proj,GEMM_W8A16,rtl_gemm,pipeline,460816,460816,460816,213248,,1088,12528,12528,12528,200448,200448,208896,208896,153944064,272,400896,589824,400896,16
137,vision_encoder.backbone.layer.4.norm2,LAYER_NORM,rtl_vector,pipeline,100224,100224,,,100224,,,,,,,,,,,801792,,801792,
138,vision_encoder.backbone.layer.4.mlp.up_proj,GEMM_W8A16,rtl_gemm,pipeline,1843264,1843264,1843264,852992,,4352,50112,50112,50112,801792,801792,835584,835584,615776256,1088,400896,2359296,1603584,16
139,vision_encoder.backbone.layer.4.mlp.down_proj,GEMM_W8A16,rtl_gemm,pipeline,1714192,1714192,1714192,839936,,1088,12528,12528,12528,801792,801792,835584,835584,615776256,272,1603584,2359296,400896,16
140,vision_encoder.backbone.layer.5.norm1,LAYER_NORM,rtl_vector,pipeline,100224,100224,,,100224,,,,,,,,,,,801792,,801792,
141,vision_encoder.backbone.layer.5.attention.q_proj,GEMM_W8A16,rtl_gemm,pipeline,460816,460816,460816,213248,,1088,12528,12528,12528,200448,200448,208896,208896,153944064,272,400896,589824,400896,16
142,vision_encoder.backbone.layer.5.attention.k_proj,GEMM_W8A16,rtl_gemm,pipeline,448288,448288,448288,213248,,1088,12528,12528,12528,200448,200448,208896,208896,153944064,272,400896,589824,400896,16
143,vision_encoder.backbone.layer.5.attention.v_proj,GEMM_W8A16,rtl_gemm,pipeline,460816,460816,460816,213248,,1088,12528,12528,12528,200448,200448,208896,208896,153944064,272,400896,589824,400896,16
144,vision_encoder.backbone.layer.5.attention.o_proj,GEMM_W8A16,rtl_gemm,pipeline,460816,460816,460816,213248,,1088,12528,12528,12528,200448,200448,208896,208896,153944064,272,400896,589824,400896,16
145,vision_encoder.backbone.layer.5.norm2,LAYER_NORM,rtl_vector,pipeline,100224,100224,,,100224,,,,,,,,,,,801792,,801792,
146,vision_encoder.backbone.layer.5.mlp.up_proj,GEMM_W8A16,rtl_gemm,pipeline,1843264,1843264,1843264,852992,,4352,50112,50112,50112,801792,801792,835584,835584,615776256,1088,400896,2359296,1603584,16
147,vision_encoder.backbone.layer.5.mlp.down_proj,GEMM_W8A16,rtl_gemm,pipeline,1714192,1714192,1714192,839936,,1088,12528,12528,12528,801792,801792,835584,835584,615776256,272,1603584,2359296,400896,16
148,vision_encoder.backbone.layer.6.norm1,LAYER_NORM,rtl_vector,pipeline,100224,100224,,,100224,,,,,,,,,,,801792,,801792,
149,vision_encoder.backbone.layer.6.attention.q_proj,GEMM_W8A16,rtl_gemm,pipeline,460816,460816,460816,213248,,1088,12528,12528,12528,200448,200448,208896,208896,153944064,272,400896,589824,400896,16
150,vision_encoder.backbone.layer.6.attention.k_proj,GEMM_W8A16,rtl_gemm,pipeline,448288,448288,448288,213248,,1088,12528,12528,12528,200448,200448,208896,208896,153944064,272,400896,589824,400896,16
151,vision_encoder.backbone.layer.6.attention.v_proj,GEMM_W8A16,rtl_gemm,pipeline,460816,460816,460816,213248,,1088,12528,12528,12528,200448,200448,208896,208896,153944064,272,400896,589824,400896,16
152,vision_encoder.backbone.layer.6.attention.o_proj,GEMM_W8A16,rtl_gemm,pipeline,460816,460816,460816,213248,,1088,12528,12528,12528,200448,200448,208896,208896,153944064,272,400896,589824,400896,16
153,vision_encoder.backbone.layer.6.norm2,LAYER_NORM,rtl_vector,pipeline,100224,100224,,,100224,,,,,,,,,,,801792,,801792,
154,vision_encoder.backbone.layer.6.mlp.up_proj,GEMM_W8A16,rtl_gemm,pipeline,1843264,1843264,1843264,852992,,4352,50112,50112,50112,801792,801792,835584,835584,615776256,1088,400896,2359296,1603584,16
155,vision_encoder.backbone.layer.6.mlp.down_proj,GEMM_W8A16,rtl_gemm,pipeline,1714192,1714192,1714192,839936,,1088,12528,12528,12528,801792,801792,835584,835584,615776256,272,1603584,2359296,400896,16
156,vision_encoder.backbone.layer.7.norm1,LAYER_NORM,rtl_vector,pipeline,100224,100224,,,100224,,,,,,,,,,,801792,,801792,
157,vision_encoder.backbone.layer.7.attention.q_proj,GEMM_W8A16,rtl_gemm,pipeline,460816,460816,460816,213248,,1088,12528,12528,12528,200448,200448,208896,208896,153944064,272,400896,589824,400896,16
158,vision_encoder.backbone.layer.7.attention.k_proj,GEMM_W8A16,rtl_gemm,pipeline,448288,448288,448288,213248,,1088,12528,12528,12528,200448,200448,208896,208896,153944064,272,400896,589824,400896,16
159,vision_encoder.backbone.layer.7.attention.v_proj,GEMM_W8A16,rtl_gemm,pipeline,460816,460816,460816,213248,,1088,12528,12528,12528,200448,200448,208896,208896,153944064,272,400896,589824,400896,16
160,vision_encoder.backbone.layer.7.attention.o_proj,GEMM_W8A16,rtl_gemm,pipeline,460816,460816,460816,213248,,1088,12528,12528,12528,200448,200448,208896,208896,153944064,272,400896,589824,400896,16
161,vision_encoder.backbone.layer.7.norm2,LAYER_NORM,rtl_vector,pipeline,100224,100224,,,100224,,,,,,,,,,,801792,,801792,
162,vision_encoder.backbone.layer.7.mlp.up_proj,GEMM_W8A16,rtl_gemm,pipeline,1843264,1843264,1843264,852992,,4352,50112,50112,50112,801792,801792,835584,835584,615776256,1088,400896,2359296,1603584,16
163,vision_encoder.backbone.layer.7.mlp.down_proj,GEMM_W8A16,rtl_gemm,pipeline,1714192,1714192,1714192,839936,,1088,12528,12528,12528,801792,801792,835584,835584,615776256,272,1603584,2359296,400896,16
164,vision_encoder.backbone.layer.8.norm1,LAYER_NORM,rtl_vector,pipeline,100224,100224,,,100224,,,,,,,,,,,801792,,801792,
165,vision_encoder.backbone.layer.8.attention.q_proj,GEMM_W8A16,rtl_gemm,pipeline,460816,460816,460816,213248,,1088,12528,12528,12528,200448,200448,208896,208896,153944064,272,400896,589824,400896,16
166,vision_encoder.backbone.layer.8.attention.k_proj,GEMM_W8A16,rtl_gemm,pipeline,448288,448288,448288,213248,,1088,12528,12528,12528,200448,200448,208896,208896,153944064,272,400896,589824,400896,16
167,vision_encoder.backbone.layer.8.attention.v_proj,GEMM_W8A16,rtl_gemm,pipeline,460816,460816,460816,213248,,1088,12528,12528,12528,200448,200448,208896,208896,153944064,272,400896,589824,400896,16
168,vision_encoder.backbone.layer.8.attention.o_proj,GEMM_W8A16,rtl_gemm,pipeline,460816,460816,460816,213248,,1088,12528,12528,12528,200448,200448,208896,208896,153944064,272,400896,589824,400896,16
169,vision_encoder.backbone.layer.8.norm2,LAYER_NORM,rtl_vector,pipeline,100224,100224,,,100224,,,,,,,,,,,801792,,801792,
170,vision_encoder.backbone.layer.8.mlp.up_proj,GEMM_W8A16,rtl_gemm,pipeline,1843264,1843264,1843264,852992,,4352,50112,50112,50112,801792,801792,835584,835584,615776256,1088,400896,2359296,1603584,16
171,vision_encoder.backbone.layer.8.mlp.down_proj,GEMM_W8A16,rtl_gemm,pipeline,1714192,1714192,1714192,839936,,1088,12528,12528,12528,801792,801792,835584,835584,615776256,272,1603584,2359296,400896,16
172,vision_encoder.backbone.layer.9.norm1,LAYER_NORM,rtl_vector,pipeline,100224,100224,,,100224,,,,,,,,,,,801792,,801792,
173,vision_encoder.backbone.layer.9.attention.q_proj,GEMM_W8A16,rtl_gemm,pipeline,460816,460816,460816,213248,,1088,12528,12528,12528,200448,200448,208896,208896,153944064,272,400896,589824,400896,16
174,vision_encoder.backbone.layer.9.attention.k_proj,GEMM_W8A16,rtl_gemm,pipeline,448288,448288,448288,213248,,1088,12528,12528,12528,200448,200448,208896,208896,153944064,272,400896,589824,400896,16
175,vision_encoder.backbone.layer.9.attention.v_proj,GEMM_W8A16,rtl_gemm,pipeline,460816,460816,460816,213248,,1088,12528,12528,12528,200448,200448,208896,208896,153944064,272,400896,589824,400896,16
176,vision_encoder.backbone.layer.9.attention.o_proj,GEMM_W8A16,rtl_gemm,pipeline,460816,460816,460816,213248,,1088,12528,12528,12528,200448,200448,208896,208896,153944064,272,400896,589824,400896,16
177,vision_encoder.backbone.layer.9.norm2,LAYER_NORM,rtl_vector,pipeline,100224,100224,,,100224,,,,,,,,,,,801792,,801792,
178,vision_encoder.backbone.layer.9.mlp.up_proj,GEMM_W8A16,rtl_gemm,pipeline,1843264,1843264,1843264,852992,,4352,50112,50112,50112,801792,801792,835584,835584,615776256,1088,400896,2359296,1603584,16
179,vision_encoder.backbone.layer.9.mlp.down_proj,GEMM_W8A16,rtl_gemm,pipeline,1714192,1714192,1714192,839936,,1088,12528,12528,12528,801792,801792,835584,835584,615776256,272,1603584,2359296,400896,16
180,vision_encoder.backbone.layer.10.norm1,LAYER_NORM,rtl_vector,pipeline,100224,100224,,,100224,,,,,,,,,,,801792,,801792,
181,vision_encoder.backbone.layer.10.attention.q_proj,GEMM_W8A16,rtl_gemm,pipeline,460816,460816,460816,213248,,1088,12528,12528,12528,200448,200448,208896,208896,153944064,272,400896,589824,400896,16
182,vision_encoder.backbone.layer.10.attention.k_proj,GEMM_W8A16,rtl_gemm,pipeline,448288,448288,448288,213248,,1088,12528,12528,12528,200448,200448,208896,208896,153944064,272,400896,589824,400896,16
183,vision_encoder.backbone.layer.10.attention.v_proj,GEMM_W8A16,rtl_gemm,pipeline,460816,460816,460816,213248,,1088,12528,12528,12528,200448,200448,208896,208896,153944064,272,400896,589824,400896,16
184,vision_encoder.backbone.layer.10.attention.o_proj,GEMM_W8A16,rtl_gemm,pipeline,460816,460816,460816,213248,,1088,12528,12528,12528,200448,200448,208896,208896,153944064,272,400896,589824,400896,16
185,vision_encoder.backbone.layer.10.norm2,LAYER_NORM,rtl_vector,pipeline,100224,100224,,,100224,,,,,,,,,,,801792,,801792,
186,vision_encoder.backbone.layer.10.mlp.up_proj,GEMM_W8A16,rtl_gemm,pipeline,1843264,1843264,1843264,852992,,4352,50112,50112,50112,801792,801792,835584,835584,615776256,1088,400896,2359296,1603584,16
187,vision_encoder.backbone.layer.10.mlp.down_proj,GEMM_W8A16,rtl_gemm,pipeline,1714192,1714192,1714192,839936,,1088,12528,12528,12528,801792,801792,835584,835584,615776256,272,1603584,2359296,400896,16
188,vision_encoder.backbone.layer.11.norm1,LAYER_NORM,rtl_vector,pipeline,100224,100224,,,100224,,,,,,,,,,,801792,,801792,
189,vision_encoder.backbone.layer.11.attention.q_proj,GEMM_W8A16,rtl_gemm,pipeline,460816,460816,460816,213248,,1088,12528,12528,12528,200448,200448,208896,208896,153944064,272,400896,589824,400896,16
190,vision_encoder.backbone.layer.11.attention.k_proj,GEMM_W8A16,rtl_gemm,pipeline,448288,448288,448288,213248,,1088,12528,12528,12528,200448,200448,208896,208896,153944064,272,400896,589824,400896,16
191,vision_encoder.backbone.layer.11.attention.v_proj,GEMM_W8A16,rtl_gemm,pipeline,460816,460816,460816,213248,,1088,12528,12528,12528,200448,200448,208896,208896,153944064,272,400896,589824,400896,16
192,vision_encoder.backbone.layer.11.attention.o_proj,GEMM_W8A16,rtl_gemm,pipeline,460816,460816,460816,213248,,1088,12528,12528,12528,200448,200448,208896,208896,153944064,272,400896,589824,400896,16
193,vision_encoder.backbone.layer.11.norm2,LAYER_NORM,rtl_vector,pipeline,100224,100224,,,100224,,,,,,,,,,,801792,,801792,
194,vision_encoder.backbone.layer.11.mlp.up_proj,GEMM_W8A16,rtl_gemm,pipeline,1843264,1843264,1843264,852992,,4352,50112,50112,50112,801792,801792,835584,835584,615776256,1088,400896,2359296,1603584,16
195,vision_encoder.backbone.layer.11.mlp.down_proj,GEMM_W8A16,rtl_gemm,pipeline,1714192,1714192,1714192,839936,,1088,12528,12528,12528,801792,801792,835584,835584,615776256,272,1603584,2359296,400896,16
196,vision_encoder.backbone.norm,LAYER_NORM,rtl_vector,pipeline,100224,100224,,,100224,,,,,,,,,,,801792,,801792,
197,vision_encoder.backbone.embeddings.patch_embeddings,AUX_EVENT,aux_behavior,pipeline,147456,147456,,,147456,,,,,,,,,,,786432,,393216,
198,vision_encoder.backbone.layer.0.norm1,LAYER_NORM,rtl_vector,pipeline,100224,100224,,,100224,,,,,,,,,,,801792,,801792,
199,vision_encoder.backbone.layer.0.attention.q_proj,GEMM_W8A16,rtl_gemm,pipeline,460816,460816,460816,213248,,1088,12528,12528,12528,200448,200448,208896,208896,153944064,272,400896,589824,400896,16
200,vision_encoder.backbone.layer.0.attention.k_proj,GEMM_W8A16,rtl_gemm,pipeline,448288,448288,448288,213248,,1088,12528,12528,12528,200448,200448,208896,208896,153944064,272,400896,589824,400896,16
201,vision_encoder.backbone.layer.0.attention.v_proj,GEMM_W8A16,rtl_gemm,pipeline,460816,460816,460816,213248,,1088,12528,12528,12528,200448,200448,208896,208896,153944064,272,400896,589824,400896,16
202,vision_encoder.backbone.layer.0.attention.o_proj,GEMM_W8A16,rtl_gemm,pipeline,460816,460816,460816,213248,,1088,12528,12528,12528,200448,200448,208896,208896,153944064,272,400896,589824,400896,16
203,vision_encoder.backbone.layer.0.norm2,LAYER_NORM,rtl_vector,pipeline,100224,100224,,,100224,,,,,,,,,,,801792,,801792,
204,vision_encoder.backbone.layer.0.mlp.up_proj,GEMM_W8A16,rtl_gemm,pipeline,1843264,1843264,1843264,852992,,4352,50112,50112,50112,801792,801792,835584,835584,615776256,1088,400896,2359296,1603584,16
205,vision_encoder.backbone.layer.0.mlp.down_proj,GEMM_W8A16,rtl_gemm,pipeline,1714192,1714192,1714192,839936,,1088,12528,12528,12528,801792,801792,835584,835584,615776256,272,1603584,2359296,400896,16
206,vision_encoder.backbone.layer.1.norm1,LAYER_NORM,rtl_vector,pipeline,100224,100224,,,100224,,,,,,,,,,,801792,,801792,
207,vision_encoder.backbone.layer.1.attention.q_proj,GEMM_W8A16,rtl_gemm,pipeline,460816,460816,460816,213248,,1088,12528,12528,12528,200448,200448,208896,208896,153944064,272,400896,589824,400896,16
208,vision_encoder.backbone.layer.1.attention.k_proj,GEMM_W8A16,rtl_gemm,pipeline,448288,448288,448288,213248,,1088,12528,12528,12528,200448,200448,208896,208896,153944064,272,400896,589824,400896,16
209,vision_encoder.backbone.layer.1.attention.v_proj,GEMM_W8A16,rtl_gemm,pipeline,460816,460816,460816,213248,,1088,12528,12528,12528,200448,200448,208896,208896,153944064,272,400896,589824,400896,16
210,vision_encoder.backbone.layer.1.attention.o_proj,GEMM_W8A16,rtl_gemm,pipeline,460816,460816,460816,213248,,1088,12528,12528,12528,200448,200448,208896,208896,153944064,272,400896,589824,400896,16
211,vision_encoder.backbone.layer.1.norm2,LAYER_NORM,rtl_vector,pipeline,100224,100224,,,100224,,,,,,,,,,,801792,,801792,
212,vision_encoder.backbone.layer.1.mlp.up_proj,GEMM_W8A16,rtl_gemm,pipeline,1843264,1843264,1843264,852992,,4352,50112,50112,50112,801792,801792,835584,835584,615776256,1088,400896,2359296,1603584,16
213,vision_encoder.backbone.layer.1.mlp.down_proj,GEMM_W8A16,rtl_gemm,pipeline,1714192,1714192,1714192,839936,,1088,12528,12528,12528,801792,801792,835584,835584,615776256,272,1603584,2359296,400896,16
214,vision_encoder.backbone.layer.2.norm1,LAYER_NORM,rtl_vector,pipeline,100224,100224,,,100224,,,,,,,,,,,801792,,801792,
215,vision_encoder.backbone.layer.2.attention.q_proj,GEMM_W8A16,rtl_gemm,pipeline,460816,460816,460816,213248,,1088,12528,12528,12528,200448,200448,208896,208896,153944064,272,400896,589824,400896,16
216,vision_encoder.backbone.layer.2.attention.k_proj,GEMM_W8A16,rtl_gemm,pipeline,448288,448288,448288,213248,,1088,12528,12528,12528,200448,200448,208896,208896,153944064,272,400896,589824,400896,16
217,vision_encoder.backbone.layer.2.attention.v_proj,GEMM_W8A16,rtl_gemm,pipeline,460816,460816,460816,213248,,1088,12528,12528,12528,200448,200448,208896,208896,153944064,272,400896,589824,400896,16
218,vision_encoder.backbone.layer.2.attention.o_proj,GEMM_W8A16,rtl_gemm,pipeline,460816,460816,460816,213248,,1088,12528,12528,12528,200448,200448,208896,208896,153944064,272,400896,589824,400896,16
219,vision_encoder.backbone.layer.2.norm2,LAYER_NORM,rtl_vector,pipeline,100224,100224,,,100224,,,,,,,,,,,801792,,801792,
220,vision_encoder.backbone.layer.2.mlp.up_proj,GEMM_W8A16,rtl_gemm,pipeline,1843264,1843264,1843264,852992,,4352,50112,50112,50112,801792,801792,835584,835584,615776256,1088,400896,2359296,1603584,16
221,vision_encoder.backbone.layer.2.mlp.down_proj,GEMM_W8A16,rtl_gemm,pipeline,1714192,1714192,1714192,839936,,1088,12528,12528,12528,801792,801792,835584,835584,615776256,272,1603584,2359296,400896,16
222,vision_encoder.backbone.layer.3.norm1,LAYER_NORM,rtl_vector,pipeline,100224,100224,,,100224,,,,,,,,,,,801792,,801792,
223,vision_encoder.backbone.layer.3.attention.q_proj,GEMM_W8A16,rtl_gemm,pipeline,460816,460816,460816,213248,,1088,12528,12528,12528,200448,200448,208896,208896,153944064,272,400896,589824,400896,16
224,vision_encoder.backbone.layer.3.attention.k_proj,GEMM_W8A16,rtl_gemm,pipeline,448288,448288,448288,213248,,1088,12528,12528,12528,200448,200448,208896,208896,153944064,272,400896,589824,400896,16
225,vision_encoder.backbone.layer.3.attention.v_proj,GEMM_W8A16,rtl_gemm,pipeline,460816,460816,460816,213248,,1088,12528,12528,12528,200448,200448,208896,208896,153944064,272,400896,589824,400896,16
226,vision_encoder.backbone.layer.3.attention.o_proj,GEMM_W8A16,rtl_gemm,pipeline,460816,460816,460816,213248,,1088,12528,12528,12528,200448,200448,208896,208896,153944064,272,400896,589824,400896,16
227,vision_encoder.backbone.layer.3.norm2,LAYER_NORM,rtl_vector,pipeline,100224,100224,,,100224,,,,,,,,,,,801792,,801792,
228,vision_encoder.backbone.layer.3.mlp.up_proj,GEMM_W8A16,rtl_gemm,pipeline,1843264,1843264,1843264,852992,,4352,50112,50112,50112,801792,801792,835584,835584,615776256,1088,400896,2359296,1603584,16
229,vision_encoder.backbone.layer.3.mlp.down_proj,GEMM_W8A16,rtl_gemm,pipeline,1714192,1714192,1714192,839936,,1088,12528,12528,12528,801792,801792,835584,835584,615776256,272,1603584,2359296,400896,16
230,vision_encoder.backbone.layer.4.norm1,LAYER_NORM,rtl_vector,pipeline,100224,100224,,,100224,,,,,,,,,,,801792,,801792,
231,vision_encoder.backbone.layer.4.attention.q_proj,GEMM_W8A16,rtl_gemm,pipeline,460816,460816,460816,213248,,1088,12528,12528,12528,200448,200448,208896,208896,153944064,272,400896,589824,400896,16
232,vision_encoder.backbone.layer.4.attention.k_proj,GEMM_W8A16,rtl_gemm,pipeline,448288,448288,448288,213248,,1088,12528,12528,12528,200448,200448,208896,208896,153944064,272,400896,589824,400896,16
233,vision_encoder.backbone.layer.4.attention.v_proj,GEMM_W8A16,rtl_gemm,pipeline,460816,460816,460816,213248,,1088,12528,12528,12528,200448,200448,208896,208896,153944064,272,400896,589824,400896,16
234,vision_encoder.backbone.layer.4.attention.o_proj,GEMM_W8A16,rtl_gemm,pipeline,460816,460816,460816,213248,,1088,12528,12528,12528,200448,200448,208896,208896,153944064,272,400896,589824,400896,16
235,vision_encoder.backbone.layer.4.norm2,LAYER_NORM,rtl_vector,pipeline,100224,100224,,,100224,,,,,,,,,,,801792,,801792,
236,vision_encoder.backbone.layer.4.mlp.up_proj,GEMM_W8A16,rtl_gemm,pipeline,1843264,1843264,1843264,852992,,4352,50112,50112,50112,801792,801792,835584,835584,615776256,1088,400896,2359296,1603584,16
237,vision_encoder.backbone.layer.4.mlp.down_proj,GEMM_W8A16,rtl_gemm,pipeline,1714192,1714192,1714192,839936,,1088,12528,12528,12528,801792,801792,835584,835584,615776256,272,1603584,2359296,400896,16
238,vision_encoder.backbone.layer.5.norm1,LAYER_NORM,rtl_vector,pipeline,100224,100224,,,100224,,,,,,,,,,,801792,,801792,
239,vision_encoder.backbone.layer.5.attention.q_proj,GEMM_W8A16,rtl_gemm,pipeline,460816,460816,460816,213248,,1088,12528,12528,12528,200448,200448,208896,208896,153944064,272,400896,589824,400896,16
240,vision_encoder.backbone.layer.5.attention.k_proj,GEMM_W8A16,rtl_gemm,pipeline,448288,448288,448288,213248,,1088,12528,12528,12528,200448,200448,208896,208896,153944064,272,400896,589824,400896,16
241,vision_encoder.backbone.layer.5.attention.v_proj,GEMM_W8A16,rtl_gemm,pipeline,460816,460816,460816,213248,,1088,12528,12528,12528,200448,200448,208896,208896,153944064,272,400896,589824,400896,16
242,vision_encoder.backbone.layer.5.attention.o_proj,GEMM_W8A16,rtl_gemm,pipeline,460816,460816,460816,213248,,1088,12528,12528,12528,200448,200448,208896,208896,153944064,272,400896,589824,400896,16
243,vision_encoder.backbone.layer.5.norm2,LAYER_NORM,rtl_vector,pipeline,100224,100224,,,100224,,,,,,,,,,,801792,,801792,
244,vision_encoder.backbone.layer.5.mlp.up_proj,GEMM_W8A16,rtl_gemm,pipeline,1843264,1843264,1843264,852992,,4352,50112,50112,50112,801792,801792,835584,835584,615776256,1088,400896,2359296,1603584,16
245,vision_encoder.backbone.layer.5.mlp.down_proj,GEMM_W8A16,rtl_gemm,pipeline,1714192,1714192,1714192,839936,,1088,12528,12528,12528,801792,801792,835584,835584,615776256,272,1603584,2359296,400896,16
246,vision_encoder.backbone.layer.6.norm1,LAYER_NORM,rtl_vector,pipeline,100224,100224,,,100224,,,,,,,,,,,801792,,801792,
247,vision_encoder.backbone.layer.6.attention.q_proj,GEMM_W8A16,rtl_gemm,pipeline,460816,460816,460816,213248,,1088,12528,12528,12528,200448,200448,208896,208896,153944064,272,400896,589824,400896,16
248,vision_encoder.backbone.layer.6.attention.k_proj,GEMM_W8A16,rtl_gemm,pipeline,448288,448288,448288,213248,,1088,12528,12528,12528,200448,200448,208896,208896,153944064,272,400896,589824,400896,16
249,vision_encoder.backbone.layer.6.attention.v_proj,GEMM_W8A16,rtl_gemm,pipeline,460816,460816,460816,213248,,1088,12528,12528,12528,200448,200448,208896,208896,153944064,272,400896,589824,400896,16
250,vision_encoder.backbone.layer.6.attention.o_proj,GEMM_W8A16,rtl_gemm,pipeline,460816,460816,460816,213248,,1088,12528,12528,12528,200448,200448,208896,208896,153944064,272,400896,589824,400896,16
251,vision_encoder.backbone.layer.6.norm2,LAYER_NORM,rtl_vector,pipeline,100224,100224,,,100224,,,,,,,,,,,801792,,801792,
252,vision_encoder.backbone.layer.6.mlp.up_proj,GEMM_W8A16,rtl_gemm,pipeline,1843264,1843264,1843264,852992,,4352,50112,50112,50112,801792,801792,835584,835584,615776256,1088,400896,2359296,1603584,16
253,vision_encoder.backbone.layer.6.mlp.down_proj,GEMM_W8A16,rtl_gemm,pipeline,1714192,1714192,1714192,839936,,1088,12528,12528,12528,801792,801792,835584,835584,615776256,272,1603584,2359296,400896,16
254,vision_encoder.backbone.layer.7.norm1,LAYER_NORM,rtl_vector,pipeline,100224,100224,,,100224,,,,,,,,,,,801792,,801792,
255,vision_encoder.backbone.layer.7.attention.q_proj,GEMM_W8A16,rtl_gemm,pipeline,460816,460816,460816,213248,,1088,12528,12528,12528,200448,200448,208896,208896,153944064,272,400896,589824,400896,16
256,vision_encoder.backbone.layer.7.attention.k_proj,GEMM_W8A16,rtl_gemm,pipeline,448288,448288,448288,213248,,1088,12528,12528,12528,200448,200448,208896,208896,153944064,272,400896,589824,400896,16
257,vision_encoder.backbone.layer.7.attention.v_proj,GEMM_W8A16,rtl_gemm,pipeline,460816,460816,460816,213248,,1088,12528,12528,12528,200448,200448,208896,208896,153944064,272,400896,589824,400896,16
258,vision_encoder.backbone.layer.7.attention.o_proj,GEMM_W8A16,rtl_gemm,pipeline,460816,460816,460816,213248,,1088,12528,12528,12528,200448,200448,208896,208896,153944064,272,400896,589824,400896,16
259,vision_encoder.backbone.layer.7.norm2,LAYER_NORM,rtl_vector,pipeline,100224,100224,,,100224,,,,,,,,,,,801792,,801792,
260,vision_encoder.backbone.layer.7.mlp.up_proj,GEMM_W8A16,rtl_gemm,pipeline,1843264,1843264,1843264,852992,,4352,50112,50112,50112,801792,801792,835584,835584,615776256,1088,400896,2359296,1603584,16
261,vision_encoder.backbone.layer.7.mlp.down_proj,GEMM_W8A16,rtl_gemm,pipeline,1714192,1714192,1714192,839936,,1088,12528,12528,12528,801792,801792,835584,835584,615776256,272,1603584,2359296,400896,16
262,vision_encoder.backbone.layer.8.norm1,LAYER_NORM,rtl_vector,pipeline,100224,100224,,,100224,,,,,,,,,,,801792,,801792,
263,vision_encoder.backbone.layer.8.attention.q_proj,GEMM_W8A16,rtl_gemm,pipeline,460816,460816,460816,213248,,1088,12528,12528,12528,200448,200448,208896,208896,153944064,272,400896,589824,400896,16
264,vision_encoder.backbone.layer.8.attention.k_proj,GEMM_W8A16,rtl_gemm,pipeline,448288,448288,448288,213248,,1088,12528,12528,12528,200448,200448,208896,208896,153944064,272,400896,589824,400896,16
265,vision_encoder.backbone.layer.8.attention.v_proj,GEMM_W8A16,rtl_gemm,pipeline,460816,460816,460816,213248,,1088,12528,12528,12528,200448,200448,208896,208896,153944064,272,400896,589824,400896,16
266,vision_encoder.backbone.layer.8.attention.o_proj,GEMM_W8A16,rtl_gemm,pipeline,460816,460816,460816,213248,,1088,12528,12528,12528,200448,200448,208896,208896,153944064,272,400896,589824,400896,16
267,vision_encoder.backbone.layer.8.norm2,LAYER_NORM,rtl_vector,pipeline,100224,100224,,,100224,,,,,,,,,,,801792,,801792,
268,vision_encoder.backbone.layer.8.mlp.up_proj,GEMM_W8A16,rtl_gemm,pipeline,1843264,1843264,1843264,852992,,4352,50112,50112,50112,801792,801792,835584,835584,615776256,1088,400896,2359296,1603584,16
269,vision_encoder.backbone.layer.8.mlp.down_proj,GEMM_W8A16,rtl_gemm,pipeline,1714192,1714192,1714192,839936,,1088,12528,12528,12528,801792,801792,835584,835584,615776256,272,1603584,2359296,400896,16
270,vision_encoder.backbone.layer.9.norm1,LAYER_NORM,rtl_vector,pipeline,100224,100224,,,100224,,,,,,,,,,,801792,,801792,
271,vision_encoder.backbone.layer.9.attention.q_proj,GEMM_W8A16,rtl_gemm,pipeline,460816,460816,460816,213248,,1088,12528,12528,12528,200448,200448,208896,208896,153944064,272,400896,589824,400896,16
272,vision_encoder.backbone.layer.9.attention.k_proj,GEMM_W8A16,rtl_gemm,pipeline,448288,448288,448288,213248,,1088,12528,12528,12528,200448,200448,208896,208896,153944064,272,400896,589824,400896,16
273,vision_encoder.backbone.layer.9.attention.v_proj,GEMM_W8A16,rtl_gemm,pipeline,460816,460816,460816,213248,,1088,12528,12528,12528,200448,200448,208896,208896,153944064,272,400896,589824,400896,16
274,vision_encoder.backbone.layer.9.attention.o_proj,GEMM_W8A16,rtl_gemm,pipeline,460816,460816,460816,213248,,1088,12528,12528,12528,200448,200448,208896,208896,153944064,272,400896,589824,400896,16
275,vision_encoder.backbone.layer.9.norm2,LAYER_NORM,rtl_vector,pipeline,100224,100224,,,100224,,,,,,,,,,,801792,,801792,
276,vision_encoder.backbone.layer.9.mlp.up_proj,GEMM_W8A16,rtl_gemm,pipeline,1843264,1843264,1843264,852992,,4352,50112,50112,50112,801792,801792,835584,835584,615776256,1088,400896,2359296,1603584,16
277,vision_encoder.backbone.layer.9.mlp.down_proj,GEMM_W8A16,rtl_gemm,pipeline,1714192,1714192,1714192,839936,,1088,12528,12528,12528,801792,801792,835584,835584,615776256,272,1603584,2359296,400896,16
278,vision_encoder.backbone.layer.10.norm1,LAYER_NORM,rtl_vector,pipeline,100224,100224,,,100224,,,,,,,,,,,801792,,801792,
279,vision_encoder.backbone.layer.10.attention.q_proj,GEMM_W8A16,rtl_gemm,pipeline,460816,460816,460816,213248,,1088,12528,12528,12528,200448,200448,208896,208896,153944064,272,400896,589824,400896,16
280,vision_encoder.backbone.layer.10.attention.k_proj,GEMM_W8A16,rtl_gemm,pipeline,448288,448288,448288,213248,,1088,12528,12528,12528,200448,200448,208896,208896,153944064,272,400896,589824,400896,16
281,vision_encoder.backbone.layer.10.attention.v_proj,GEMM_W8A16,rtl_gemm,pipeline,460816,460816,460816,213248,,1088,12528,12528,12528,200448,200448,208896,208896,153944064,272,400896,589824,400896,16
282,vision_encoder.backbone.layer.10.attention.o_proj,GEMM_W8A16,rtl_gemm,pipeline,460816,460816,460816,213248,,1088,12528,12528,12528,200448,200448,208896,208896,153944064,272,400896,589824,400896,16
283,vision_encoder.backbone.layer.10.norm2,LAYER_NORM,rtl_vector,pipeline,100224,100224,,,100224,,,,,,,,,,,801792,,801792,
284,vision_encoder.backbone.layer.10.mlp.up_proj,GEMM_W8A16,rtl_gemm,pipeline,1843264,1843264,1843264,852992,,4352,50112,50112,50112,801792,801792,835584,835584,615776256,1088,400896,2359296,1603584,16
285,vision_encoder.backbone.layer.10.mlp.down_proj,GEMM_W8A16,rtl_gemm,pipeline,1714192,1714192,1714192,839936,,1088,12528,12528,12528,801792,801792,835584,835584,615776256,272,1603584,2359296,400896,16
286,vision_encoder.backbone.layer.11.norm1,LAYER_NORM,rtl_vector,pipeline,100224,100224,,,100224,,,,,,,,,,,801792,,801792,
287,vision_encoder.backbone.layer.11.attention.q_proj,GEMM_W8A16,rtl_gemm,pipeline,460816,460816,460816,213248,,1088,12528,12528,12528,200448,200448,208896,208896,153944064,272,400896,589824,400896,16
288,vision_encoder.backbone.layer.11.attention.k_proj,GEMM_W8A16,rtl_gemm,pipeline,448288,448288,448288,213248,,1088,12528,12528,12528,200448,200448,208896,208896,153944064,272,400896,589824,400896,16
289,vision_encoder.backbone.layer.11.attention.v_proj,GEMM_W8A16,rtl_gemm,pipeline,460816,460816,460816,213248,,1088,12528,12528,12528,200448,200448,208896,208896,153944064,272,400896,589824,400896,16
290,vision_encoder.backbone.layer.11.attention.o_proj,GEMM_W8A16,rtl_gemm,pipeline,460816,460816,460816,213248,,1088,12528,12528,12528,200448,200448,208896,208896,153944064,272,400896,589824,400896,16
291,vision_encoder.backbone.layer.11.norm2,LAYER_NORM,rtl_vector,pipeline,100224,100224,,,100224,,,,,,,,,,,801792,,801792,
292,vision_encoder.backbone.layer.11.mlp.up_proj,GEMM_W8A16,rtl_gemm,pipeline,1843264,1843264,1843264,852992,,4352,50112,50112,50112,801792,801792,835584,835584,615776256,1088,400896,2359296,1603584,16
293,vision_encoder.backbone.layer.11.mlp.down_proj,GEMM_W8A16,rtl_gemm,pipeline,1714192,1714192,1714192,839936,,1088,12528,12528,12528,801792,801792,835584,835584,615776256,272,1603584,2359296,400896,16
294,vision_encoder.backbone.norm,LAYER_NORM,rtl_vector,pipeline,100224,100224,,,100224,,,,,,,,,,,801792,,801792,
295,vision_projection.skip,GEMM_W8A16,rtl_gemm,pipeline,315136,315136,315136,150528,,768,8192,8192,8192,147456,147456,131072,131072,100663296,192,786432,196608,262144,16
296,vision_projection.input_norm,LAYER_NORM,rtl_vector,pipeline,196608,196608,,,196608,,,,,,,,,,,1572864,,1572864,
297,vision_projection.mlp.0,GEMM_W8A16,rtl_gemm,pipeline,1193728,1193728,1193728,551936,,2816,32768,32768,32768,540672,540672,524288,524288,402653184,704,786432,786432,1048576,16
298,vision_projection.mlp.1,GELU,rtl_vector,pipeline,163840,163840,,,163840,,,,,,,,,,,2097152,,2097152,
299,vision_projection.mlp.3,GEMM_W8A16,rtl_gemm,pipeline,421632,421632,421632,199680,,768,8192,8192,8192,196608,196608,174784,174784,134217728,192,1048576,262144,262144,16
300,vision_projection.output_norm,LAYER_NORM,rtl_vector,pipeline,65536,65536,,,65536,,,,,,,,,,,524288,,524288,
301,vision_language_interaction.fusion_layers.0.layer_norm_v,LAYER_NORM,rtl_vector,pipeline,65536,65536,,,65536,,,,,,,,,,,524288,,524288,
302,vision_language_interaction.fusion_layers.0.layer_norm_l,LAYER_NORM,rtl_vector,pipeline,2688,2688,,,2688,,,,,,,,,,,21504,,21504,
303,vision_language_interaction.fusion_layers.0.attn.v_proj,GEMM_W8A16,rtl_gemm,pipeline,472832,472832,472832,191488,,2816,32768,32768,32768,180224,180224,174784,174784,134217728,704,262144,262144,1048576,16
304,vision_language_interaction.fusion_layers.0.attn.l_proj,GEMM_W8A16,rtl_gemm,pipeline,27100,27100,27100,11968,,176,1344,1344,1344,7392,7392,10924,10924,5505024,44,10752,262144,43008,16
305,vision_language_interaction.fusion_layers.0.attn.values_v_proj,GEMM_W8A16,rtl_gemm,pipeline,472832,472832,472832,191488,,2816,32768,32768,32768,180224,180224,174784,174784,134217728,704,262144,262144,1048576,16
306,vision_language_interaction.fusion_layers.0.attn.values_l_proj,GEMM_W8A16,rtl_gemm,pipeline,27100,27100,27100,11968,,176,1344,1344,1344,7392,7392,10924,10924,5505024,44,10752,262144,43008,16
307,vision_language_interaction.fusion_layers.0.attn.out_v_proj,GEMM_W8A16,rtl_gemm,pipeline,421632,421632,421632,199680,,768,8192,8192,8192,196608,196608,174784,174784,134217728,192,1048576,262144,262144,16
308,vision_language_interaction.fusion_layers.0.attn.out_l_proj,GEMM_W8A16,rtl_gemm,pipeline,24460,24460,24460,12480,,48,336,336,336,8064,8064,10924,10924,5505024,12,43008,262144,10752,16
309,vision_language_interaction.text_layers.0.self_attn,AUX_EVENT,aux_behavior,pipeline,3360,3360,,,3360,,,,,,,,,,,21504,,21504,
310,vision_language_interaction.text_layers.0.norm1,LAYER_NORM,rtl_vector,pipeline,2688,2688,,,2688,,,,,,,,,,,21504,,21504,
311,vision_language_interaction.text_layers.0.linear1,GEMM_W8A16,rtl_gemm,pipeline,27100,27100,27100,11968,,176,1344,1344,1344,7392,7392,10924,10924,5505024,44,10752,262144,43008,16
312,vision_language_interaction.text_layers.0.linear2,GEMM_W8A16,rtl_gemm,pipeline,24460,24460,24460,12480,,48,336,336,336,8064,8064,10924,10924,5505024,12,43008,262144,10752,16
313,vision_language_interaction.text_layers.0.norm2,LAYER_NORM,rtl_vector,pipeline,2688,2688,,,2688,,,,,,,,,,,21504,,21504,
314,vision_language_interaction.fusion_layers.1.layer_norm_v,LAYER_NORM,rtl_vector,pipeline,65536,65536,,,65536,,,,,,,,,,,524288,,524288,
315,vision_language_interaction.fusion_layers.1.layer_norm_l,LAYER_NORM,rtl_vector,pipeline,2688,2688,,,2688,,,,,,,,,,,21504,,21504,
316,vision_language_interaction.fusion_layers.1.attn.v_proj,GEMM_W8A16,rtl_gemm,pipeline,472832,472832,472832,191488,,2816,32768,32768,32768,180224,180224,174784,174784,134217728,704,262144,262144,1048576,16
317,vision_language_interaction.fusion_layers.1.attn.l_proj,GEMM_W8A16,rtl_gemm,pipeline,27100,27100,27100,11968,,176,1344,1344,1344,7392,7392,10924,10924,5505024,44,10752,262144,43008,16
318,vision_language_interaction.fusion_layers.1.attn.values_v_proj,GEMM_W8A16,rtl_gemm,pipeline,472832,472832,472832,191488,,2816,32768,32768,32768,180224,180224,174784,174784,134217728,704,262144,262144,1048576,16
319,vision_language_interaction.fusion_layers.1.attn.values_l_proj,GEMM_W8A16,rtl_gemm,pipeline,27100,27100,27100,11968,,176,1344,1344,1344,7392,7392,10924,10924,5505024,44,10752,262144,43008,16
320,vision_language_interaction.fusion_layers.1.attn.out_v_proj,GEMM_W8A16,rtl_gemm,pipeline,421632,421632,421632,199680,,768,8192,8192,8192,196608,196608,174784,174784,134217728,192,1048576,262144,262144,16
321,vision_language_interaction.fusion_layers.1.attn.out_l_proj,GEMM_W8A16,rtl_gemm,pipeline,24460,24460,24460,12480,,48,336,336,336,8064,8064,10924,10924,5505024,12,43008,262144,10752,16
322,vision_language_interaction.text_layers.1.self_attn,AUX_EVENT,aux_behavior,pipeline,3360,3360,,,3360,,,,,,,,,,,21504,,21504,
323,vision_language_interaction.text_layers.1.norm1,LAYER_NORM,rtl_vector,pipeline,2688,2688,,,2688,,,,,,,,,,,21504,,21504,
324,vision_language_interaction.text_layers.1.linear1,GEMM_W8A16,rtl_gemm,pipeline,27100,27100,27100,11968,,176,1344,1344,1344,7392,7392,10924,10924,5505024,44,10752,262144,43008,16
325,vision_language_interaction.text_layers.1.linear2,GEMM_W8A16,rtl_gemm,pipeline,24460,24460,24460,12480,,48,336,336,336,8064,8064,10924,10924,5505024,12,43008,262144,10752,16
326,vision_language_interaction.text_layers.1.norm2,LAYER_NORM,rtl_vector,pipeline,2688,2688,,,2688,,,,,,,,,,,21504,,21504,
327,vision_language_interaction.fusion_layers.2.layer_norm_v,LAYER_NORM,rtl_vector,pipeline,65536,65536,,,65536,,,,,,,,,,,524288,,524288,
328,vision_language_interaction.fusion_layers.2.layer_norm_l,LAYER_NORM,rtl_vector,pipeline,2688,2688,,,2688,,,,,,,,,,,21504,,21504,
329,vision_language_interaction.fusion_layers.2.attn.v_proj,GEMM_W8A16,rtl_gemm,pipeline,472832,472832,472832,191488,,2816,32768,32768,32768,180224,180224,174784,174784,134217728,704,262144,262144,1048576,16
330,vision_language_interaction.fusion_layers.2.attn.l_proj,GEMM_W8A16,rtl_gemm,pipeline,27100,27100,27100,11968,,176,1344,1344,1344,7392,7392,10924,10924,5505024,44,10752,262144,43008,16
331,vision_language_interaction.fusion_layers.2.attn.values_v_proj,GEMM_W8A16,rtl_gemm,pipeline,472832,472832,472832,191488,,2816,32768,32768,32768,180224,180224,174784,174784,134217728,704,262144,262144,1048576,16
332,vision_language_interaction.fusion_layers.2.attn.values_l_proj,GEMM_W8A16,rtl_gemm,pipeline,27100,27100,27100,11968,,176,1344,1344,1344,7392,7392,10924,10924,5505024,44,10752,262144,43008,16
333,vision_language_interaction.fusion_layers.2.attn.out_v_proj,GEMM_W8A16,rtl_gemm,pipeline,421632,421632,421632,199680,,768,8192,8192,8192,196608,196608,174784,174784,134217728,192,1048576,262144,262144,16
334,vision_language_interaction.fusion_layers.2.attn.out_l_proj,GEMM_W8A16,rtl_gemm,pipeline,24460,24460,24460,12480,,48,336,336,336,8064,8064,10924,10924,5505024,12,43008,262144,10752,16
335,vision_language_interaction.text_layers.2.self_attn,AUX_EVENT,aux_behavior,pipeline,3360,3360,,,3360,,,,,,,,,,,21504,,21504,
336,vision_language_interaction.text_layers.2.norm1,LAYER_NORM,rtl_vector,pipeline,2688,2688,,,2688,,,,,,,,,,,21504,,21504,
337,vision_language_interaction.text_layers.2.linear1,GEMM_W8A16,rtl_gemm,pipeline,27100,27100,27100,11968,,176,1344,1344,1344,7392,7392,10924,10924,5505024,44,10752,262144,43008,16
338,vision_language_interaction.text_layers.2.linear2,GEMM_W8A16,rtl_gemm,pipeline,24460,24460,24460,12480,,48,336,336,336,8064,8064,10924,10924,5505024,12,43008,262144,10752,16
339,vision_language_interaction.text_layers.2.norm2,LAYER_NORM,rtl_vector,pipeline,2688,2688,,,2688,,,,,,,,,,,21504,,21504,
340,vision_language_interaction.fusion_layers.3.layer_norm_v,LAYER_NORM,rtl_vector,pipeline,65536,65536,,,65536,,,,,,,,,,,524288,,524288,
341,vision_language_interaction.fusion_layers.3.layer_norm_l,LAYER_NORM,rtl_vector,pipeline,2688,2688,,,2688,,,,,,,,,,,21504,,21504,
342,vision_language_interaction.fusion_layers.3.attn.v_proj,GEMM_W8A16,rtl_gemm,pipeline,472832,472832,472832,191488,,2816,32768,32768,32768,180224,180224,174784,174784,134217728,704,262144,262144,1048576,16
343,vision_language_interaction.fusion_layers.3.attn.l_proj,GEMM_W8A16,rtl_gemm,pipeline,27100,27100,27100,11968,,176,1344,1344,1344,7392,7392,10924,10924,5505024,44,10752,262144,43008,16
344,vision_language_interaction.fusion_layers.3.attn.values_v_proj,GEMM_W8A16,rtl_gemm,pipeline,472832,472832,472832,191488,,2816,32768,32768,32768,180224,180224,174784,174784,134217728,704,262144,262144,1048576,16
345,vision_language_interaction.fusion_layers.3.attn.values_l_proj,GEMM_W8A16,rtl_gemm,pipeline,27100,27100,27100,11968,,176,1344,1344,1344,7392,7392,10924,10924,5505024,44,10752,262144,43008,16
346,vision_language_interaction.fusion_layers.3.attn.out_v_proj,GEMM_W8A16,rtl_gemm,pipeline,421632,421632,421632,199680,,768,8192,8192,8192,196608,196608,174784,174784,134217728,192,1048576,262144,262144,16
347,vision_language_interaction.fusion_layers.3.attn.out_l_proj,GEMM_W8A16,rtl_gemm,pipeline,24460,24460,24460,12480,,48,336,336,336,8064,8064,10924,10924,5505024,12,43008,262144,10752,16
348,vision_language_interaction.text_layers.3.self_attn,AUX_EVENT,aux_behavior,pipeline,3360,3360,,,3360,,,,,,,,,,,21504,,21504,
349,vision_language_interaction.text_layers.3.norm1,LAYER_NORM,rtl_vector,pipeline,2688,2688,,,2688,,,,,,,,,,,21504,,21504,
350,vision_language_interaction.text_layers.3.linear1,GEMM_W8A16,rtl_gemm,pipeline,27100,27100,27100,11968,,176,1344,1344,1344,7392,7392,10924,10924,5505024,44,10752,262144,43008,16
351,vision_language_interaction.text_layers.3.linear2,GEMM_W8A16,rtl_gemm,pipeline,24460,24460,24460,12480,,48,336,336,336,8064,8064,10924,10924,5505024,12,43008,262144,10752,16
352,vision_language_interaction.text_layers.3.norm2,LAYER_NORM,rtl_vector,pipeline,2688,2688,,,2688,,,,,,,,,,,21504,,21504,
353,vision_language_interaction.fusion_layers.4.layer_norm_v,LAYER_NORM,rtl_vector,pipeline,65536,65536,,,65536,,,,,,,,,,,524288,,524288,
354,vision_language_interaction.fusion_layers.4.layer_norm_l,LAYER_NORM,rtl_vector,pipeline,2688,2688,,,2688,,,,,,,,,,,21504,,21504,
355,vision_language_interaction.fusion_layers.4.attn.v_proj,GEMM_W8A16,rtl_gemm,pipeline,472832,472832,472832,191488,,2816,32768,32768,32768,180224,180224,174784,174784,134217728,704,262144,262144,1048576,16
356,vision_language_interaction.fusion_layers.4.attn.l_proj,GEMM_W8A16,rtl_gemm,pipeline,27100,27100,27100,11968,,176,1344,1344,1344,7392,7392,10924,10924,5505024,44,10752,262144,43008,16
357,vision_language_interaction.fusion_layers.4.attn.values_v_proj,GEMM_W8A16,rtl_gemm,pipeline,472832,472832,472832,191488,,2816,32768,32768,32768,180224,180224,174784,174784,134217728,704,262144,262144,1048576,16
358,vision_language_interaction.fusion_layers.4.attn.values_l_proj,GEMM_W8A16,rtl_gemm,pipeline,27100,27100,27100,11968,,176,1344,1344,1344,7392,7392,10924,10924,5505024,44,10752,262144,43008,16
359,vision_language_interaction.fusion_layers.4.attn.out_v_proj,GEMM_W8A16,rtl_gemm,pipeline,421632,421632,421632,199680,,768,8192,8192,8192,196608,196608,174784,174784,134217728,192,1048576,262144,262144,16
360,vision_language_interaction.fusion_layers.4.attn.out_l_proj,GEMM_W8A16,rtl_gemm,pipeline,24460,24460,24460,12480,,48,336,336,336,8064,8064,10924,10924,5505024,12,43008,262144,10752,16
361,vision_language_interaction.text_layers.4.self_attn,AUX_EVENT,aux_behavior,pipeline,3360,3360,,,3360,,,,,,,,,,,21504,,21504,
362,vision_language_interaction.text_layers.4.norm1,LAYER_NORM,rtl_vector,pipeline,2688,2688,,,2688,,,,,,,,,,,21504,,21504,
363,vision_language_interaction.text_layers.4.linear1,GEMM_W8A16,rtl_gemm,pipeline,27100,27100,27100,11968,,176,1344,1344,1344,7392,7392,10924,10924,5505024,44,10752,262144,43008,16
364,vision_language_interaction.text_layers.4.linear2,GEMM_W8A16,rtl_gemm,pipeline,24460,24460,24460,12480,,48,336,336,336,8064,8064,10924,10924,5505024,12,43008,262144,10752,16
365,vision_language_interaction.text_layers.4.norm2,LAYER_NORM,rtl_vector,pipeline,2688,2688,,,2688,,,,,,,,,,,21504,,21504,
366,vision_language_interaction.fusion_layers.5.layer_norm_v,LAYER_NORM,rtl_vector,pipeline,65536,65536,,,65536,,,,,,,,,,,524288,,524288,
367,vision_language_interaction.fusion_layers.5.layer_norm_l,LAYER_NORM,rtl_vector,pipeline,2688,2688,,,2688,,,,,,,,,,,21504,,21504,
368,vision_language_interaction.fusion_layers.5.attn.v_proj,GEMM_W8A16,rtl_gemm,pipeline,472832,472832,472832,191488,,2816,32768,32768,32768,180224,180224,174784,174784,134217728,704,262144,262144,1048576,16
369,vision_language_interaction.fusion_layers.5.attn.l_proj,GEMM_W8A16,rtl_gemm,pipeline,27100,27100,27100,11968,,176,1344,1344,1344,7392,7392,10924,10924,5505024,44,10752,262144,43008,16
370,vision_language_interaction.fusion_layers.5.attn.values_v_proj,GEMM_W8A16,rtl_gemm,pipeline,472832,472832,472832,191488,,2816,32768,32768,32768,180224,180224,174784,174784,134217728,704,262144,262144,1048576,16
371,vision_language_interaction.fusion_layers.5.attn.values_l_proj,GEMM_W8A16,rtl_gemm,pipeline,27100,27100,27100,11968,,176,1344,1344,1344,7392,7392,10924,10924,5505024,44,10752,262144,43008,16
372,vision_language_interaction.fusion_layers.5.attn.out_v_proj,GEMM_W8A16,rtl_gemm,pipeline,421632,421632,421632,199680,,768,8192,8192,8192,196608,196608,174784,174784,134217728,192,1048576,262144,262144,16
373,vision_language_interaction.fusion_layers.5.attn.out_l_proj,GEMM_W8A16,rtl_gemm,pipeline,24460,24460,24460,12480,,48,336,336,336,8064,8064,10924,10924,5505024,12,43008,262144,10752,16
374,vision_language_interaction.text_layers.5.self_attn,AUX_EVENT,aux_behavior,pipeline,3360,3360,,,3360,,,,,,,,,,,21504,,21504,
375,vision_language_interaction.text_layers.5.norm1,LAYER_NORM,rtl_vector,pipeline,2688,2688,,,2688,,,,,,,,,,,21504,,21504,
376,vision_language_interaction.text_layers.5.linear1,GEMM_W8A16,rtl_gemm,pipeline,27100,27100,27100,11968,,176,1344,1344,1344,7392,7392,10924,10924,5505024,44,10752,262144,43008,16
377,vision_language_interaction.text_layers.5.linear2,GEMM_W8A16,rtl_gemm,pipeline,24460,24460,24460,12480,,48,336,336,336,8064,8064,10924,10924,5505024,12,43008,262144,10752,16
378,vision_language_interaction.text_layers.5.norm2,LAYER_NORM,rtl_vector,pipeline,2688,2688,,,2688,,,,,,,,,,,21504,,21504,
379,action_head.state_projection.net.0,LAYER_NORM,rtl_vector,pipeline,16,16,,,16,,,,,,,,,,,32,,32,
380,action_head.state_projection.net.1,GEMM_W8A16,rtl_gemm,pipeline,259,259,259,144,,24,16,16,16,6,6,43,43,2048,6,16,2048,512,16
381,action_head.state_projection.net.2,GELU,rtl_vector,pipeline,80,80,,,80,,,,,,,,,,,1024,,1024,
382,action_head.state_projection.net.4,GEMM_W8A16,rtl_gemm,pipeline,5863,5863,5863,2992,,44,32,32,32,176,176,2731,2731,131072,11,512,131072,1024,16
383,action_head.state_projection.output_norm,LAYER_NORM,rtl_vector,pipeline,256,256,,,256,,,,,,,,,,,2048,,2048,
384,action_head.decoder.decoder.layers.0.norm1,LAYER_NORM,rtl_vector,pipeline,1536,1536,,,1536,,,,,,,,,,,12288,,12288,
385,action_head.decoder.decoder.layers.0.self_attn,AUX_EVENT,aux_behavior,pipeline,1920,1920,,,1920,,,,,,,,,,,12288,,12288,
386,action_head.decoder.decoder.layers.0.norm2,LAYER_NORM,rtl_vector,pipeline,1536,1536,,,1536,,,,,,,,,,,12288,,12288,
387,action_head.decoder.decoder.layers.0.multihead_attn,AUX_EVENT,aux_behavior,pipeline,1920,1920,,,1920,,,,,,,,,,,12288,,12288,
388,action_head.decoder.decoder.layers.0.norm3,LAYER_NORM,rtl_vector,pipeline,1536,1536,,,1536,,,,,,,,,,,12288,,12288,
389,action_head.decoder.decoder.layers.0.linear1,GEMM_W8A16,rtl_gemm,pipeline,27399,27399,27399,11696,,172,1536,1536,1536,8256,8256,10923,10923,6291456,43,6144,524288,49152,16
390,action_head.decoder.decoder.layers.0.linear2,GEMM_W8A16,rtl_gemm,pipeline,23907,23907,23907,12384,,24,192,192,192,9216,9216,10923,10923,6291456,6,49152,524288,6144,16
391,action_head.decoder.decoder.layers.1.norm1,LAYER_NORM,rtl_vector,pipeline,1536,1536,,,1536,,,,,,,,,,,12288,,12288,
392,action_head.decoder.decoder.layers.1.self_attn,AUX_EVENT,aux_behavior,pipeline,1920,1920,,,1920,,,,,,,,,,,12288,,12288,
393,action_head.decoder.decoder.layers.1.norm2,LAYER_NORM,rtl_vector,pipeline,1536,1536,,,1536,,,,,,,,,,,12288,,12288,
394,action_head.decoder.decoder.layers.1.multihead_attn,AUX_EVENT,aux_behavior,pipeline,1920,1920,,,1920,,,,,,,,,,,12288,,12288,
395,action_head.decoder.decoder.layers.1.norm3,LAYER_NORM,rtl_vector,pipeline,1536,1536,,,1536,,,,,,,,,,,12288,,12288,
396,action_head.decoder.decoder.layers.1.linear1,GEMM_W8A16,rtl_gemm,pipeline,27399,27399,27399,11696,,172,1536,1536,1536,8256,8256,10923,10923,6291456,43,6144,524288,49152,16
397,action_head.decoder.decoder.layers.1.linear2,GEMM_W8A16,rtl_gemm,pipeline,23907,23907,23907,12384,,24,192,192,192,9216,9216,10923,10923,6291456,6,49152,524288,6144,16
398,action_head.decoder.decoder.layers.2.norm1,LAYER_NORM,rtl_vector,pipeline,1536,1536,,,1536,,,,,,,,,,,12288,,12288,
399,action_head.decoder.decoder.layers.2.self_attn,AUX_EVENT,aux_behavior,pipeline,1920,1920,,,1920,,,,,,,,,,,12288,,12288,
400,action_head.decoder.decoder.layers.2.norm2,LAYER_NORM,rtl_vector,pipeline,1536,1536,,,1536,,,,,,,,,,,12288,,12288,
401,action_head.decoder.decoder.layers.2.multihead_attn,AUX_EVENT,aux_behavior,pipeline,1920,1920,,,1920,,,,,,,,,,,12288,,12288,
402,action_head.decoder.decoder.layers.2.norm3,LAYER_NORM,rtl_vector,pipeline,1536,1536,,,1536,,,,,,,,,,,12288,,12288,
403,action_head.decoder.decoder.layers.2.linear1,GEMM_W8A16,rtl_gemm,pipeline,27399,27399,27399,11696,,172,1536,1536,1536,8256,8256,10923,10923,6291456,43,6144,524288,49152,16
404,action_head.decoder.decoder.layers.2.linear2,GEMM_W8A16,rtl_gemm,pipeline,23907,23907,23907,12384,,24,192,192,192,9216,9216,10923,10923,6291456,6,49152,524288,6144,16
405,action_head.decoder.action_projection.layers.0,GEMM_W8A16,rtl_gemm,pipeline,6919,6919,6919,2992,,44,384,384,384,2112,2112,2731,2731,1572864,11,6144,131072,12288,16
406,action_head.decoder.action_projection.layers.1,GEMM_W8A16,rtl_gemm,pipeline,12466,12466,12466,5808,,44,384,384,384,4224,4224,5462,5462,3145728,11,12288,262144,12288,16
407,action_head.decoder.action_projection.layers.2,GEMM_W8A16,rtl_gemm,pipeline,934,934,934,528,,4,6,6,6,384,384,75,75,43008,1,12288,3584,168,16
bmm:5268,<top>,BMM_W8A16,rtl_bmm,pipeline,73472,73472,73472,34816,,512,2688,2688,2688,32768,32768,14336,14336,11010048,128,1048576,21504,86016,64
bmm:5289,<top>,BMM_W8A16,rtl_bmm,pipeline,113152,113152,113152,28416,,3072,32768,32768,32768,16128,16128,14336,14336,11010048,768,86016,21504,1048576,64
bmm:5290,<top>,BMM_W8A16,rtl_bmm,pipeline,50072,50072,50072,25344,,192,1344,1344,1344,16128,16128,21848,21848,11010048,48,86016,524288,43008,64
bmm:5357,vision_language_interaction.text_layers.0.self_attn,BMM_W8A16,rtl_bmm,pipeline,1552,1552,1552,592,,64,336,336,336,224,224,224,224,112896,16,3528,5376,10752,64
bmm:5490,<top>,BMM_W8A16,rtl_bmm,pipeline,73472,73472,73472,34816,,512,2688,2688,2688,32768,32768,14336,14336,11010048,128,1048576,21504,86016,64
bmm:5511,<top>,BMM_W8A16,rtl_bmm,pipeline,113152,113152,113152,28416,,3072,32768,32768,32768,16128,16128,14336,14336,11010048,768,86016,21504,1048576,64
bmm:5512,<top>,BMM_W8A16,rtl_bmm,pipeline,50072,50072,50072,25344,,192,1344,1344,1344,16128,16128,21848,21848,11010048,48,86016,524288,43008,64
bmm:5579,vision_language_interaction.text_layers.1.self_attn,BMM_W8A16,rtl_bmm,pipeline,1552,1552,1552,592,,64,336,336,336,224,224,224,224,112896,16,3528,5376,10752,64
bmm:5712,<top>,BMM_W8A16,rtl_bmm,pipeline,73472,73472,73472,34816,,512,2688,2688,2688,32768,32768,14336,14336,11010048,128,1048576,21504,86016,64
bmm:5733,<top>,BMM_W8A16,rtl_bmm,pipeline,113152,113152,113152,28416,,3072,32768,32768,32768,16128,16128,14336,14336,11010048,768,86016,21504,1048576,64
bmm:5734,<top>,BMM_W8A16,rtl_bmm,pipeline,50072,50072,50072,25344,,192,1344,1344,1344,16128,16128,21848,21848,11010048,48,86016,524288,43008,64
bmm:5801,vision_language_interaction.text_layers.2.self_attn,BMM_W8A16,rtl_bmm,pipeline,1552,1552,1552,592,,64,336,336,336,224,224,224,224,112896,16,3528,5376,10752,64
bmm:5934,<top>,BMM_W8A16,rtl_bmm,pipeline,73472,73472,73472,34816,,512,2688,2688,2688,32768,32768,14336,14336,11010048,128,1048576,21504,86016,64
bmm:5955,<top>,BMM_W8A16,rtl_bmm,pipeline,113152,113152,113152,28416,,3072,32768,32768,32768,16128,16128,14336,14336,11010048,768,86016,21504,1048576,64
bmm:5956,<top>,BMM_W8A16,rtl_bmm,pipeline,50072,50072,50072,25344,,192,1344,1344,1344,16128,16128,21848,21848,11010048,48,86016,524288,43008,64
bmm:6023,vision_language_interaction.text_layers.3.self_attn,BMM_W8A16,rtl_bmm,pipeline,1552,1552,1552,592,,64,336,336,336,224,224,224,224,112896,16,3528,5376,10752,64
bmm:6156,<top>,BMM_W8A16,rtl_bmm,pipeline,73472,73472,73472,34816,,512,2688,2688,2688,32768,32768,14336,14336,11010048,128,1048576,21504,86016,64
bmm:6177,<top>,BMM_W8A16,rtl_bmm,pipeline,113152,113152,113152,28416,,3072,32768,32768,32768,16128,16128,14336,14336,11010048,768,86016,21504,1048576,64
bmm:6178,<top>,BMM_W8A16,rtl_bmm,pipeline,50072,50072,50072,25344,,192,1344,1344,1344,16128,16128,21848,21848,11010048,48,86016,524288,43008,64
bmm:6245,vision_language_interaction.text_layers.4.self_attn,BMM_W8A16,rtl_bmm,pipeline,1552,1552,1552,592,,64,336,336,336,224,224,224,224,112896,16,3528,5376,10752,64
bmm:6378,<top>,BMM_W8A16,rtl_bmm,pipeline,73472,73472,73472,34816,,512,2688,2688,2688,32768,32768,14336,14336,11010048,128,1048576,21504,86016,64
bmm:6399,<top>,BMM_W8A16,rtl_bmm,pipeline,113152,113152,113152,28416,,3072,32768,32768,32768,16128,16128,14336,14336,11010048,768,86016,21504,1048576,64
bmm:6400,<top>,BMM_W8A16,rtl_bmm,pipeline,50072,50072,50072,25344,,192,1344,1344,1344,16128,16128,21848,21848,11010048,48,86016,524288,43008,64
bmm:6467,vision_language_interaction.text_layers.5.self_attn,BMM_W8A16,rtl_bmm,pipeline,1552,1552,1552,592,,64,336,336,336,224,224,224,224,112896,16,3528,5376,10752,64
