seq,module_path,op,mapping,total_cycles,compute_cycles,fallback_cycles,snapshot_cycles,requant_cycles,write_cycles,activation_read_cycles,weight_read_cycles,valid_mac_count,tile_count,activation_bytes,weight_bytes,output_bytes
0,text_encoder.bert.embeddings.LayerNorm,LAYER_NORM,rtl_vector,8064,,8064,,,,,,,,,,64512
1,text_encoder.bert.encoder.layer.0.attention.self.query,GEMM_W8A16,rtl_gemm,52816,25088,,128,1008,1008,24576,24576,12386304,32,32256,589824,32256
2,text_encoder.bert.encoder.layer.0.attention.self.key,GEMM_W8A16,rtl_gemm,52816,25088,,128,1008,1008,24576,24576,12386304,32,32256,589824,32256
3,text_encoder.bert.encoder.layer.0.attention.self.value,GEMM_W8A16,rtl_gemm,52816,25088,,128,1008,1008,24576,24576,12386304,32,32256,589824,32256
4,text_encoder.bert.encoder.layer.0.attention.output.dense,GEMM_W8A16,rtl_gemm,52816,25088,,128,1008,1008,24576,24576,12386304,32,32256,589824,32256
5,text_encoder.bert.encoder.layer.0.attention.output.LayerNorm,LAYER_NORM,rtl_vector,8064,,8064,,,,,,,,,,64512
6,text_encoder.bert.encoder.layer.0.intermediate.dense,GEMM_W8A16,rtl_gemm,211264,100352,,512,4032,4032,98304,98304,49545216,128,32256,2359296,129024
7,text_encoder.bert.encoder.layer.0.output.dense,GEMM_W8A16,rtl_gemm,200272,98816,,128,1008,1008,98304,98304,49545216,32,129024,2359296,32256
8,text_encoder.bert.encoder.layer.0.output.LayerNorm,LAYER_NORM,rtl_vector,8064,,8064,,,,,,,,,,64512
9,text_encoder.bert.encoder.layer.1.attention.self.query,GEMM_W8A16,rtl_gemm,52816,25088,,128,1008,1008,24576,24576,12386304,32,32256,589824,32256
10,text_encoder.bert.encoder.layer.1.attention.self.key,GEMM_W8A16,rtl_gemm,52816,25088,,128,1008,1008,24576,24576,12386304,32,32256,589824,32256
11,text_encoder.bert.encoder.layer.1.attention.self.value,GEMM_W8A16,rtl_gemm,52816,25088,,128,1008,1008,24576,24576,12386304,32,32256,589824,32256
12,text_encoder.bert.encoder.layer.1.attention.output.dense,GEMM_W8A16,rtl_gemm,52816,25088,,128,1008,1008,24576,24576,12386304,32,32256,589824,32256
13,text_encoder.bert.encoder.layer.1.attention.output.LayerNorm,LAYER_NORM,rtl_vector,8064,,8064,,,,,,,,,,64512
14,text_encoder.bert.encoder.layer.1.intermediate.dense,GEMM_W8A16,rtl_gemm,211264,100352,,512,4032,4032,98304,98304,49545216,128,32256,2359296,129024
15,text_encoder.bert.encoder.layer.1.output.dense,GEMM_W8A16,rtl_gemm,200272,98816,,128,1008,1008,98304,98304,49545216,32,129024,2359296,32256
16,text_encoder.bert.encoder.layer.1.output.LayerNorm,LAYER_NORM,rtl_vector,8064,,8064,,,,,,,,,,64512
17,text_encoder.bert.encoder.layer.2.attention.self.query,GEMM_W8A16,rtl_gemm,52816,25088,,128,1008,1008,24576,24576,12386304,32,32256,589824,32256
18,text_encoder.bert.encoder.layer.2.attention.self.key,GEMM_W8A16,rtl_gemm,52816,25088,,128,1008,1008,24576,24576,12386304,32,32256,589824,32256
19,text_encoder.bert.encoder.layer.2.attention.self.value,GEMM_W8A16,rtl_gemm,52816,25088,,128,1008,1008,24576,24576,12386304,32,32256,589824,32256
20,text_encoder.bert.encoder.layer.2.attention.output.dense,GEMM_W8A16,rtl_gemm,52816,25088,,128,1008,1008,24576,24576,12386304,32,32256,589824,32256
21,text_encoder.bert.encoder.layer.2.attention.output.LayerNorm,LAYER_NORM,rtl_vector,8064,,8064,,,,,,,,,,64512
22,text_encoder.bert.encoder.layer.2.intermediate.dense,GEMM_W8A16,rtl_gemm,211264,100352,,512,4032,4032,98304,98304,49545216,128,32256,2359296,129024
23,text_encoder.bert.encoder.layer.2.output.dense,GEMM_W8A16,rtl_gemm,200272,98816,,128,1008,1008,98304,98304,49545216,32,129024,2359296,32256
24,text_encoder.bert.encoder.layer.2.output.LayerNorm,LAYER_NORM,rtl_vector,8064,,8064,,,,,,,,,,64512
25,text_encoder.bert.encoder.layer.3.attention.self.query,GEMM_W8A16,rtl_gemm,52816,25088,,128,1008,1008,24576,24576,12386304,32,32256,589824,32256
26,text_encoder.bert.encoder.layer.3.attention.self.key,GEMM_W8A16,rtl_gemm,52816,25088,,128,1008,1008,24576,24576,12386304,32,32256,589824,32256
27,text_encoder.bert.encoder.layer.3.attention.self.value,GEMM_W8A16,rtl_gemm,52816,25088,,128,1008,1008,24576,24576,12386304,32,32256,589824,32256
28,text_encoder.bert.encoder.layer.3.attention.output.dense,GEMM_W8A16,rtl_gemm,52816,25088,,128,1008,1008,24576,24576,12386304,32,32256,589824,32256
29,text_encoder.bert.encoder.layer.3.attention.output.LayerNorm,LAYER_NORM,rtl_vector,8064,,8064,,,,,,,,,,64512
30,text_encoder.bert.encoder.layer.3.intermediate.dense,GEMM_W8A16,rtl_gemm,211264,100352,,512,4032,4032,98304,98304,49545216,128,32256,2359296,129024
31,text_encoder.bert.encoder.layer.3.output.dense,GEMM_W8A16,rtl_gemm,200272,98816,,128,1008,1008,98304,98304,49545216,32,129024,2359296,32256
32,text_encoder.bert.encoder.layer.3.output.LayerNorm,LAYER_NORM,rtl_vector,8064,,8064,,,,,,,,,,64512
33,text_encoder.bert.encoder.layer.4.attention.self.query,GEMM_W8A16,rtl_gemm,52816,25088,,128,1008,1008,24576,24576,12386304,32,32256,589824,32256
34,text_encoder.bert.encoder.layer.4.attention.self.key,GEMM_W8A16,rtl_gemm,52816,25088,,128,1008,1008,24576,24576,12386304,32,32256,589824,32256
35,text_encoder.bert.encoder.layer.4.attention.self.value,GEMM_W8A16,rtl_gemm,52816,25088,,128,1008,1008,24576,24576,12386304,32,32256,589824,32256
36,text_encoder.bert.encoder.layer.4.attention.output.dense,GEMM_W8A16,rtl_gemm,52816,25088,,128,1008,1008,24576,24576,12386304,32,32256,589824,32256
37,text_encoder.bert.encoder.layer.4.attention.output.LayerNorm,LAYER_NORM,rtl_vector,8064,,8064,,,,,,,,,,64512
38,text_encoder.bert.encoder.layer.4.intermediate.dense,GEMM_W8A16,rtl_gemm,211264,100352,,512,4032,4032,98304,98304,49545216,128,32256,2359296,129024
39,text_encoder.bert.encoder.layer.4.output.dense,GEMM_W8A16,rtl_gemm,200272,98816,,128,1008,1008,98304,98304,49545216,32,129024,2359296,32256
40,text_encoder.bert.encoder.layer.4.output.LayerNorm,LAYER_NORM,rtl_vector,8064,,8064,,,,,,,,,,64512
41,text_encoder.bert.encoder.layer.5.attention.self.query,GEMM_W8A16,rtl_gemm,52816,25088,,128,1008,1008,24576,24576,12386304,32,32256,589824,32256
42,text_encoder.bert.encoder.layer.5.attention.self.key,GEMM_W8A16,rtl_gemm,52816,25088,,128,1008,1008,24576,24576,12386304,32,32256,589824,32256
43,text_encoder.bert.encoder.layer.5.attention.self.value,GEMM_W8A16,rtl_gemm,52816,25088,,128,1008,1008,24576,24576,12386304,32,32256,589824,32256
44,text_encoder.bert.encoder.layer.5.attention.output.dense,GEMM_W8A16,rtl_gemm,52816,25088,,128,1008,1008,24576,24576,12386304,32,32256,589824,32256
45,text_encoder.bert.encoder.layer.5.attention.output.LayerNorm,LAYER_NORM,rtl_vector,8064,,8064,,,,,,,,,,64512
46,text_encoder.bert.encoder.layer.5.intermediate.dense,GEMM_W8A16,rtl_gemm,211264,100352,,512,4032,4032,98304,98304,49545216,128,32256,2359296,129024
47,text_encoder.bert.encoder.layer.5.output.dense,GEMM_W8A16,rtl_gemm,200272,98816,,128,1008,1008,98304,98304,49545216,32,129024,2359296,32256
48,text_encoder.bert.encoder.layer.5.output.LayerNorm,LAYER_NORM,rtl_vector,8064,,8064,,,,,,,,,,64512
49,text_encoder.bert.encoder.layer.6.attention.self.query,GEMM_W8A16,rtl_gemm,52816,25088,,128,1008,1008,24576,24576,12386304,32,32256,589824,32256
50,text_encoder.bert.encoder.layer.6.attention.self.key,GEMM_W8A16,rtl_gemm,52816,25088,,128,1008,1008,24576,24576,12386304,32,32256,589824,32256
51,text_encoder.bert.encoder.layer.6.attention.self.value,GEMM_W8A16,rtl_gemm,52816,25088,,128,1008,1008,24576,24576,12386304,32,32256,589824,32256
52,text_encoder.bert.encoder.layer.6.attention.output.dense,GEMM_W8A16,rtl_gemm,52816,25088,,128,1008,1008,24576,24576,12386304,32,32256,589824,32256
53,text_encoder.bert.encoder.layer.6.attention.output.LayerNorm,LAYER_NORM,rtl_vector,8064,,8064,,,,,,,,,,64512
54,text_encoder.bert.encoder.layer.6.intermediate.dense,GEMM_W8A16,rtl_gemm,211264,100352,,512,4032,4032,98304,98304,49545216,128,32256,2359296,129024
55,text_encoder.bert.encoder.layer.6.output.dense,GEMM_W8A16,rtl_gemm,200272,98816,,128,1008,1008,98304,98304,49545216,32,129024,2359296,32256
56,text_encoder.bert.encoder.layer.6.output.LayerNorm,LAYER_NORM,rtl_vector,8064,,8064,,,,,,,,,,64512
57,text_encoder.bert.encoder.layer.7.attention.self.query,GEMM_W8A16,rtl_gemm,52816,25088,,128,1008,1008,24576,24576,12386304,32,32256,589824,32256
58,text_encoder.bert.encoder.layer.7.attention.self.key,GEMM_W8A16,rtl_gemm,52816,25088,,128,1008,1008,24576,24576,12386304,32,32256,589824,32256
59,text_encoder.bert.encoder.layer.7.attention.self.value,GEMM_W8A16,rtl_gemm,52816,25088,,128,1008,1008,24576,24576,12386304,32,32256,589824,32256
60,text_encoder.bert.encoder.layer.7.attention.output.dense,GEMM_W8A16,rtl_gemm,52816,25088,,128,1008,1008,24576,24576,12386304,32,32256,589824,32256
61,text_encoder.bert.encoder.layer.7.attention.output.LayerNorm,LAYER_NORM,rtl_vector,8064,,8064,,,,,,,,,,64512
62,text_encoder.bert.encoder.layer.7.intermediate.dense,GEMM_W8A16,rtl_gemm,211264,100352,,512,4032,4032,98304,98304,49545216,128,32256,2359296,129024
63,text_encoder.bert.encoder.layer.7.output.dense,GEMM_W8A16,rtl_gemm,200272,98816,,128,1008,1008,98304,98304,49545216,32,129024,2359296,32256
64,text_encoder.bert.encoder.layer.7.output.LayerNorm,LAYER_NORM,rtl_vector,8064,,8064,,,,,,,,,,64512
65,text_encoder.bert.encoder.layer.8.attention.self.query,GEMM_W8A16,rtl_gemm,52816,25088,,128,1008,1008,24576,24576,12386304,32,32256,589824,32256
66,text_encoder.bert.encoder.layer.8.attention.self.key,GEMM_W8A16,rtl_gemm,52816,25088,,128,1008,1008,24576,24576,12386304,32,32256,589824,32256
67,text_encoder.bert.encoder.layer.8.attention.self.value,GEMM_W8A16,rtl_gemm,52816,25088,,128,1008,1008,24576,24576,12386304,32,32256,589824,32256
68,text_encoder.bert.encoder.layer.8.attention.output.dense,GEMM_W8A16,rtl_gemm,52816,25088,,128,1008,1008,24576,24576,12386304,32,32256,589824,32256
69,text_encoder.bert.encoder.layer.8.attention.output.LayerNorm,LAYER_NORM,rtl_vector,8064,,8064,,,,,,,,,,64512
70,text_encoder.bert.encoder.layer.8.intermediate.dense,GEMM_W8A16,rtl_gemm,211264,100352,,512,4032,4032,98304,98304,49545216,128,32256,2359296,129024
71,text_encoder.bert.encoder.layer.8.output.dense,GEMM_W8A16,rtl_gemm,200272,98816,,128,1008,1008,98304,98304,49545216,32,129024,2359296,32256
72,text_encoder.bert.encoder.layer.8.output.LayerNorm,LAYER_NORM,rtl_vector,8064,,8064,,,,,,,,,,64512
73,text_encoder.bert.encoder.layer.9.attention.self.query,GEMM_W8A16,rtl_gemm,52816,25088,,128,1008,1008,24576,24576,12386304,32,32256,589824,32256
74,text_encoder.bert.encoder.layer.9.attention.self.key,GEMM_W8A16,rtl_gemm,52816,25088,,128,1008,1008,24576,24576,12386304,32,32256,589824,32256
75,text_encoder.bert.encoder.layer.9.attention.self.value,GEMM_W8A16,rtl_gemm,52816,25088,,128,1008,1008,24576,24576,12386304,32,32256,589824,32256
76,text_encoder.bert.encoder.layer.9.attention.output.dense,GEMM_W8A16,rtl_gemm,52816,25088,,128,1008,1008,24576,24576,12386304,32,32256,589824,32256
77,text_encoder.bert.encoder.layer.9.attention.output.LayerNorm,LAYER_NORM,rtl_vector,8064,,8064,,,,,,,,,,64512
78,text_encoder.bert.encoder.layer.9.intermediate.dense,GEMM_W8A16,rtl_gemm,211264,100352,,512,4032,4032,98304,98304,49545216,128,32256,2359296,129024
79,text_encoder.bert.encoder.layer.9.output.dense,GEMM_W8A16,rtl_gemm,200272,98816,,128,1008,1008,98304,98304,49545216,32,129024,2359296,32256
80,text_encoder.bert.encoder.layer.9.output.LayerNorm,LAYER_NORM,rtl_vector,8064,,8064,,,,,,,,,,64512
81,text_encoder.bert.encoder.layer.10.attention.self.query,GEMM_W8A16,rtl_gemm,52816,25088,,128,1008,1008,24576,24576,12386304,32,32256,589824,32256
82,text_encoder.bert.encoder.layer.10.attention.self.key,GEMM_W8A16,rtl_gemm,52816,25088,,128,1008,1008,24576,24576,12386304,32,32256,589824,32256
83,text_encoder.bert.encoder.layer.10.attention.self.value,GEMM_W8A16,rtl_gemm,52816,25088,,128,1008,1008,24576,24576,12386304,32,32256,589824,32256
84,text_encoder.bert.encoder.layer.10.attention.output.dense,GEMM_W8A16,rtl_gemm,52816,25088,,128,1008,1008,24576,24576,12386304,32,32256,589824,32256
85,text_encoder.bert.encoder.layer.10.attention.output.LayerNorm,LAYER_NORM,rtl_vector,8064,,8064,,,,,,,,,,64512
86,text_encoder.bert.encoder.layer.10.intermediate.dense,GEMM_W8A16,rtl_gemm,211264,100352,,512,4032,4032,98304,98304,49545216,128,32256,2359296,129024
87,text_encoder.bert.encoder.layer.10.output.dense,GEMM_W8A16,rtl_gemm,200272,98816,,128,1008,1008,98304,98304,49545216,32,129024,2359296,32256
88,text_encoder.bert.encoder.layer.10.output.LayerNorm,LAYER_NORM,rtl_vector,8064,,8064,,,,,,,,,,64512
89,text_encoder.bert.encoder.layer.11.attention.self.query,GEMM_W8A16,rtl_gemm,52816,25088,,128,1008,1008,24576,24576,12386304,32,32256,589824,32256
90,text_encoder.bert.encoder.layer.11.attention.self.key,GEMM_W8A16,rtl_gemm,52816,25088,,128,1008,1008,24576,24576,12386304,32,32256,589824,32256
91,text_encoder.bert.encoder.layer.11.attention.self.value,GEMM_W8A16,rtl_gemm,52816,25088,,128,1008,1008,24576,24576,12386304,32,32256,589824,32256
92,text_encoder.bert.encoder.layer.11.attention.output.dense,GEMM_W8A16,rtl_gemm,52816,25088,,128,1008,1008,24576,24576,12386304,32,32256,589824,32256
93,text_encoder.bert.encoder.layer.11.attention.output.LayerNorm,LAYER_NORM,rtl_vector,8064,,8064,,,,,,,,,,64512
94,text_encoder.bert.encoder.layer.11.intermediate.dense,GEMM_W8A16,rtl_gemm,211264,100352,,512,4032,4032,98304,98304,49545216,128,32256,2359296,129024
95,text_encoder.bert.encoder.layer.11.output.dense,GEMM_W8A16,rtl_gemm,200272,98816,,128,1008,1008,98304,98304,49545216,32,129024,2359296,32256
96,text_encoder.bert.encoder.layer.11.output.LayerNorm,LAYER_NORM,rtl_vector,8064,,8064,,,,,,,,,,64512
97,text_encoder.bert.pooler.dense,GEMM_W8A16,rtl_gemm,25040,12544,,64,48,48,12288,12288,589824,16,1536,589824,1536
98,text_encoder.text_projection,GEMM_W8A16,rtl_gemm,18656,9408,,48,336,336,8192,8192,4128768,12,32256,196608,10752
99,vision_encoder.backbone.embeddings.patch_embeddings,AUX_EVENT,aux_behavior,147456,,147456,,,,,,,,,,393216
100,vision_encoder.backbone.layer.0.norm1,LAYER_NORM,rtl_vector,100224,,100224,,,,,,,,,,801792
101,vision_encoder.backbone.layer.0.attention.q_proj,GEMM_W8A16,rtl_gemm,460816,213248,,1088,12528,12528,208896,208896,153944064,272,400896,589824,400896
102,vision_encoder.backbone.layer.0.attention.k_proj,GEMM_W8A16,rtl_gemm,448288,213248,,1088,12528,12528,208896,208896,153944064,272,400896,589824,400896
103,vision_encoder.backbone.layer.0.attention.v_proj,GEMM_W8A16,rtl_gemm,460816,213248,,1088,12528,12528,208896,208896,153944064,272,400896,589824,400896
104,vision_encoder.backbone.layer.0.attention.o_proj,GEMM_W8A16,rtl_gemm,460816,213248,,1088,12528,12528,208896,208896,153944064,272,400896,589824,400896
105,vision_encoder.backbone.layer.0.norm2,LAYER_NORM,rtl_vector,100224,,100224,,,,,,,,,,801792
106,vision_encoder.backbone.layer.0.mlp.up_proj,GEMM_W8A16,rtl_gemm,1843264,852992,,4352,50112,50112,835584,835584,615776256,1088,400896,2359296,1603584
107,vision_encoder.backbone.layer.0.mlp.down_proj,GEMM_W8A16,rtl_gemm,1714192,839936,,1088,12528,12528,835584,835584,615776256,272,1603584,2359296,400896
108,vision_encoder.backbone.layer.1.norm1,LAYER_NORM,rtl_vector,100224,,100224,,,,,,,,,,801792
109,vision_encoder.backbone.layer.1.attention.q_proj,GEMM_W8A16,rtl_gemm,460816,213248,,1088,12528,12528,208896,208896,153944064,272,400896,589824,400896
110,vision_encoder.backbone.layer.1.attention.k_proj,GEMM_W8A16,rtl_gemm,448288,213248,,1088,12528,12528,208896,208896,153944064,272,400896,589824,400896
111,vision_encoder.backbone.layer.1.attention.v_proj,GEMM_W8A16,rtl_gemm,460816,213248,,1088,12528,12528,208896,208896,153944064,272,400896,589824,400896
112,vision_encoder.backbone.layer.1.attention.o_proj,GEMM_W8A16,rtl_gemm,460816,213248,,1088,12528,12528,208896,208896,153944064,272,400896,589824,400896
113,vision_encoder.backbone.layer.1.norm2,LAYER_NORM,rtl_vector,100224,,100224,,,,,,,,,,801792
114,vision_encoder.backbone.layer.1.mlp.up_proj,GEMM_W8A16,rtl_gemm,1843264,852992,,4352,50112,50112,835584,835584,615776256,1088,400896,2359296,1603584
115,vision_encoder.backbone.layer.1.mlp.down_proj,GEMM_W8A16,rtl_gemm,1714192,839936,,1088,12528,12528,835584,835584,615776256,272,1603584,2359296,400896
116,vision_encoder.backbone.layer.2.norm1,LAYER_NORM,rtl_vector,100224,,100224,,,,,,,,,,801792
117,vision_encoder.backbone.layer.2.attention.q_proj,GEMM_W8A16,rtl_gemm,460816,213248,,1088,12528,12528,208896,208896,153944064,272,400896,589824,400896
118,vision_encoder.backbone.layer.2.attention.k_proj,GEMM_W8A16,rtl_gemm,448288,213248,,1088,12528,12528,208896,208896,153944064,272,400896,589824,400896
119,vision_encoder.backbone.layer.2.attention.v_proj,GEMM_W8A16,rtl_gemm,460816,213248,,1088,12528,12528,208896,208896,153944064,272,400896,589824,400896
120,vision_encoder.backbone.layer.2.attention.o_proj,GEMM_W8A16,rtl_gemm,460816,213248,,1088,12528,12528,208896,208896,153944064,272,400896,589824,400896
121,vision_encoder.backbone.layer.2.norm2,LAYER_NORM,rtl_vector,100224,,100224,,,,,,,,,,801792
122,vision_encoder.backbone.layer.2.mlp.up_proj,GEMM_W8A16,rtl_gemm,1843264,852992,,4352,50112,50112,835584,835584,615776256,1088,400896,2359296,1603584
123,vision_encoder.backbone.layer.2.mlp.down_proj,GEMM_W8A16,rtl_gemm,1714192,839936,,1088,12528,12528,835584,835584,615776256,272,1603584,2359296,400896
124,vision_encoder.backbone.layer.3.norm1,LAYER_NORM,rtl_vector,100224,,100224,,,,,,,,,,801792
125,vision_encoder.backbone.layer.3.attention.q_proj,GEMM_W8A16,rtl_gemm,460816,213248,,1088,12528,12528,208896,208896,153944064,272,400896,589824,400896
126,vision_encoder.backbone.layer.3.attention.k_proj,GEMM_W8A16,rtl_gemm,448288,213248,,1088,12528,12528,208896,208896,153944064,272,400896,589824,400896
127,vision_encoder.backbone.layer.3.attention.v_proj,GEMM_W8A16,rtl_gemm,460816,213248,,1088,12528,12528,208896,208896,153944064,272,400896,589824,400896
128,vision_encoder.backbone.layer.3.attention.o_proj,GEMM_W8A16,rtl_gemm,460816,213248,,1088,12528,12528,208896,208896,153944064,272,400896,589824,400896
129,vision_encoder.backbone.layer.3.norm2,LAYER_NORM,rtl_vector,100224,,100224,,,,,,,,,,801792
130,vision_encoder.backbone.layer.3.mlp.up_proj,GEMM_W8A16,rtl_gemm,1843264,852992,,4352,50112,50112,835584,835584,615776256,1088,400896,2359296,1603584
131,vision_encoder.backbone.layer.3.mlp.down_proj,GEMM_W8A16,rtl_gemm,1714192,839936,,1088,12528,12528,835584,835584,615776256,272,1603584,2359296,400896
132,vision_encoder.backbone.layer.4.norm1,LAYER_NORM,rtl_vector,100224,,100224,,,,,,,,,,801792
133,vision_encoder.backbone.layer.4.attention.q_proj,GEMM_W8A16,rtl_gemm,460816,213248,,1088,12528,12528,208896,208896,153944064,272,400896,589824,400896
134,vision_encoder.backbone.layer.4.attention.k_proj,GEMM_W8A16,rtl_gemm,448288,213248,,1088,12528,12528,208896,208896,153944064,272,400896,589824,400896
135,vision_encoder.backbone.layer.4.attention.v_proj,GEMM_W8A16,rtl_gemm,460816,213248,,1088,12528,12528,208896,208896,153944064,272,400896,589824,400896
136,vision_encoder.backbone.layer.4.attention.o_proj,GEMM_W8A16,rtl_gemm,460816,213248,,1088,12528,12528,208896,208896,153944064,272,400896,589824,400896
137,vision_encoder.backbone.layer.4.norm2,LAYER_NORM,rtl_vector,100224,,100224,,,,,,,,,,801792
138,vision_encoder.backbone.layer.4.mlp.up_proj,GEMM_W8A16,rtl_gemm,1843264,852992,,4352,50112,50112,835584,835584,615776256,1088,400896,2359296,1603584
139,vision_encoder.backbone.layer.4.mlp.down_proj,GEMM_W8A16,rtl_gemm,1714192,839936,,1088,12528,12528,835584,835584,615776256,272,1603584,2359296,400896
140,vision_encoder.backbone.layer.5.norm1,LAYER_NORM,rtl_vector,100224,,100224,,,,,,,,,,801792
141,vision_encoder.backbone.layer.5.attention.q_proj,GEMM_W8A16,rtl_gemm,460816,213248,,1088,12528,12528,208896,208896,153944064,272,400896,589824,400896
142,vision_encoder.backbone.layer.5.attention.k_proj,GEMM_W8A16,rtl_gemm,448288,213248,,1088,12528,12528,208896,208896,153944064,272,400896,589824,400896
143,vision_encoder.backbone.layer.5.attention.v_proj,GEMM_W8A16,rtl_gemm,460816,213248,,1088,12528,12528,208896,208896,153944064,272,400896,589824,400896
144,vision_encoder.backbone.layer.5.attention.o_proj,GEMM_W8A16,rtl_gemm,460816,213248,,1088,12528,12528,208896,208896,153944064,272,400896,589824,400896
145,vision_encoder.backbone.layer.5.norm2,LAYER_NORM,rtl_vector,100224,,100224,,,,,,,,,,801792
146,vision_encoder.backbone.layer.5.mlp.up_proj,GEMM_W8A16,rtl_gemm,1843264,852992,,4352,50112,50112,835584,835584,615776256,1088,400896,2359296,1603584
147,vision_encoder.backbone.layer.5.mlp.down_proj,GEMM_W8A16,rtl_gemm,1714192,839936,,1088,12528,12528,835584,835584,615776256,272,1603584,2359296,400896
148,vision_encoder.backbone.layer.6.norm1,LAYER_NORM,rtl_vector,100224,,100224,,,,,,,,,,801792
149,vision_encoder.backbone.layer.6.attention.q_proj,GEMM_W8A16,rtl_gemm,460816,213248,,1088,12528,12528,208896,208896,153944064,272,400896,589824,400896
150,vision_encoder.backbone.layer.6.attention.k_proj,GEMM_W8A16,rtl_gemm,448288,213248,,1088,12528,12528,208896,208896,153944064,272,400896,589824,400896
151,vision_encoder.backbone.layer.6.attention.v_proj,GEMM_W8A16,rtl_gemm,460816,213248,,1088,12528,12528,208896,208896,153944064,272,400896,589824,400896
152,vision_encoder.backbone.layer.6.attention.o_proj,GEMM_W8A16,rtl_gemm,460816,213248,,1088,12528,12528,208896,208896,153944064,272,400896,589824,400896
153,vision_encoder.backbone.layer.6.norm2,LAYER_NORM,rtl_vector,100224,,100224,,,,,,,,,,801792
154,vision_encoder.backbone.layer.6.mlp.up_proj,GEMM_W8A16,rtl_gemm,1843264,852992,,4352,50112,50112,835584,835584,615776256,1088,400896,2359296,1603584
155,vision_encoder.backbone.layer.6.mlp.down_proj,GEMM_W8A16,rtl_gemm,1714192,839936,,1088,12528,12528,835584,835584,615776256,272,1603584,2359296,400896
156,vision_encoder.backbone.layer.7.norm1,LAYER_NORM,rtl_vector,100224,,100224,,,,,,,,,,801792
157,vision_encoder.backbone.layer.7.attention.q_proj,GEMM_W8A16,rtl_gemm,460816,213248,,1088,12528,12528,208896,208896,153944064,272,400896,589824,400896
158,vision_encoder.backbone.layer.7.attention.k_proj,GEMM_W8A16,rtl_gemm,448288,213248,,1088,12528,12528,208896,208896,153944064,272,400896,589824,400896
159,vision_encoder.backbone.layer.7.attention.v_proj,GEMM_W8A16,rtl_gemm,460816,213248,,1088,12528,12528,208896,208896,153944064,272,400896,589824,400896
160,vision_encoder.backbone.layer.7.attention.o_proj,GEMM_W8A16,rtl_gemm,460816,213248,,1088,12528,12528,208896,208896,153944064,272,400896,589824,400896
161,vision_encoder.backbone.layer.7.norm2,LAYER_NORM,rtl_vector,100224,,100224,,,,,,,,,,801792
162,vision_encoder.backbone.layer.7.mlp.up_proj,GEMM_W8A16,rtl_gemm,1843264,852992,,4352,50112,50112,835584,835584,615776256,1088,400896,2359296,1603584
163,vision_encoder.backbone.layer.7.mlp.down_proj,GEMM_W8A16,rtl_gemm,1714192,839936,,1088,12528,12528,835584,835584,615776256,272,1603584,2359296,400896
164,vision_encoder.backbone.layer.8.norm1,LAYER_NORM,rtl_vector,100224,,100224,,,,,,,,,,801792
165,vision_encoder.backbone.layer.8.attention.q_proj,GEMM_W8A16,rtl_gemm,460816,213248,,1088,12528,12528,208896,208896,153944064,272,400896,589824,400896
166,vision_encoder.backbone.layer.8.attention.k_proj,GEMM_W8A16,rtl_gemm,448288,213248,,1088,12528,12528,208896,208896,153944064,272,400896,589824,400896
167,vision_encoder.backbone.layer.8.attention.v_proj,GEMM_W8A16,rtl_gemm,460816,213248,,1088,12528,12528,208896,208896,153944064,272,400896,589824,400896
168,vision_encoder.backbone.layer.8.attention.o_proj,GEMM_W8A16,rtl_gemm,460816,213248,,1088,12528,12528,208896,208896,153944064,272,400896,589824,400896
169,vision_encoder.backbone.layer.8.norm2,LAYER_NORM,rtl_vector,100224,,100224,,,,,,,,,,801792
170,vision_encoder.backbone.layer.8.mlp.up_proj,GEMM_W8A16,rtl_gemm,1843264,852992,,4352,50112,50112,835584,835584,615776256,1088,400896,2359296,1603584
171,vision_encoder.backbone.layer.8.mlp.down_proj,GEMM_W8A16,rtl_gemm,1714192,839936,,1088,12528,12528,835584,835584,615776256,272,1603584,2359296,400896
172,vision_encoder.backbone.layer.9.norm1,LAYER_NORM,rtl_vector,100224,,100224,,,,,,,,,,801792
173,vision_encoder.backbone.layer.9.attention.q_proj,GEMM_W8A16,rtl_gemm,460816,213248,,1088,12528,12528,208896,208896,153944064,272,400896,589824,400896
174,vision_encoder.backbone.layer.9.attention.k_proj,GEMM_W8A16,rtl_gemm,448288,213248,,1088,12528,12528,208896,208896,153944064,272,400896,589824,400896
175,vision_encoder.backbone.layer.9.attention.v_proj,GEMM_W8A16,rtl_gemm,460816,213248,,1088,12528,12528,208896,208896,153944064,272,400896,589824,400896
176,vision_encoder.backbone.layer.9.attention.o_proj,GEMM_W8A16,rtl_gemm,460816,213248,,1088,12528,12528,208896,208896,153944064,272,400896,589824,400896
177,vision_encoder.backbone.layer.9.norm2,LAYER_NORM,rtl_vector,100224,,100224,,,,,,,,,,801792
178,vision_encoder.backbone.layer.9.mlp.up_proj,GEMM_W8A16,rtl_gemm,1843264,852992,,4352,50112,50112,835584,835584,615776256,1088,400896,2359296,1603584
179,vision_encoder.backbone.layer.9.mlp.down_proj,GEMM_W8A16,rtl_gemm,1714192,839936,,1088,12528,12528,835584,835584,615776256,272,1603584,2359296,400896
180,vision_encoder.backbone.layer.10.norm1,LAYER_NORM,rtl_vector,100224,,100224,,,,,,,,,,801792
181,vision_encoder.backbone.layer.10.attention.q_proj,GEMM_W8A16,rtl_gemm,460816,213248,,1088,12528,12528,208896,208896,153944064,272,400896,589824,400896
182,vision_encoder.backbone.layer.10.attention.k_proj,GEMM_W8A16,rtl_gemm,448288,213248,,1088,12528,12528,208896,208896,153944064,272,400896,589824,400896
183,vision_encoder.backbone.layer.10.attention.v_proj,GEMM_W8A16,rtl_gemm,460816,213248,,1088,12528,12528,208896,208896,153944064,272,400896,589824,400896
184,vision_encoder.backbone.layer.10.attention.o_proj,GEMM_W8A16,rtl_gemm,460816,213248,,1088,12528,12528,208896,208896,153944064,272,400896,589824,400896
185,vision_encoder.backbone.layer.10.norm2,LAYER_NORM,rtl_vector,100224,,100224,,,,,,,,,,801792
186,vision_encoder.backbone.layer.10.mlp.up_proj,GEMM_W8A16,rtl_gemm,1843264,852992,,4352,50112,50112,835584,835584,615776256,1088,400896,2359296,1603584
187,vision_encoder.backbone.layer.10.mlp.down_proj,GEMM_W8A16,rtl_gemm,1714192,839936,,1088,12528,12528,835584,835584,615776256,272,1603584,2359296,400896
188,vision_encoder.backbone.layer.11.norm1,LAYER_NORM,rtl_vector,100224,,100224,,,,,,,,,,801792
189,vision_encoder.backbone.layer.11.attention.q_proj,GEMM_W8A16,rtl_gemm,460816,213248,,1088,12528,12528,208896,208896,153944064,272,400896,589824,400896
190,vision_encoder.backbone.layer.11.attention.k_proj,GEMM_W8A16,rtl_gemm,448288,213248,,1088,12528,12528,208896,208896,153944064,272,400896,589824,400896
191,vision_encoder.backbone.layer.11.attention.v_proj,GEMM_W8A16,rtl_gemm,460816,213248,,1088,12528,12528,208896,208896,153944064,272,400896,589824,400896
192,vision_encoder.backbone.layer.11.attention.o_proj,GEMM_W8A16,rtl_gemm,460816,213248,,1088,12528,12528,208896,208896,153944064,272,400896,589824,400896
193,vision_encoder.backbone.layer.11.norm2,LAYER_NORM,rtl_vector,100224,,100224,,,,,,,,,,801792
194,vision_encoder.backbone.layer.11.mlp.up_proj,GEMM_W8A16,rtl_gemm,1843264,852992,,4352,50112,50112,835584,835584,615776256,1088,400896,2359296,1603584
195,vision_encoder.backbone.layer.11.mlp.down_proj,GEMM_W8A16,rtl_gemm,1714192,839936,,1088,12528,12528,835584,835584,615776256,272,1603584,2359296,400896
196,vision_encoder.backbone.norm,LAYER_NORM,rtl_vector,100224,,100224,,,,,,,,,,801792
197,vision_encoder.backbone.embeddings.patch_embeddings,AUX_EVENT,aux_behavior,147456,,147456,,,,,,,,,,393216
198,vision_encoder.backbone.layer.0.norm1,LAYER_NORM,rtl_vector,100224,,100224,,,,,,,,,,801792
199,vision_encoder.backbone.layer.0.attention.q_proj,GEMM_W8A16,rtl_gemm,460816,213248,,1088,12528,12528,208896,208896,153944064,272,400896,589824,400896
200,vision_encoder.backbone.layer.0.attention.k_proj,GEMM_W8A16,rtl_gemm,448288,213248,,1088,12528,12528,208896,208896,153944064,272,400896,589824,400896
201,vision_encoder.backbone.layer.0.attention.v_proj,GEMM_W8A16,rtl_gemm,460816,213248,,1088,12528,12528,208896,208896,153944064,272,400896,589824,400896
202,vision_encoder.backbone.layer.0.attention.o_proj,GEMM_W8A16,rtl_gemm,460816,213248,,1088,12528,12528,208896,208896,153944064,272,400896,589824,400896
203,vision_encoder.backbone.layer.0.norm2,LAYER_NORM,rtl_vector,100224,,100224,,,,,,,,,,801792
204,vision_encoder.backbone.layer.0.mlp.up_proj,GEMM_W8A16,rtl_gemm,1843264,852992,,4352,50112,50112,835584,835584,615776256,1088,400896,2359296,1603584
205,vision_encoder.backbone.layer.0.mlp.down_proj,GEMM_W8A16,rtl_gemm,1714192,839936,,1088,12528,12528,835584,835584,615776256,272,1603584,2359296,400896
206,vision_encoder.backbone.layer.1.norm1,LAYER_NORM,rtl_vector,100224,,100224,,,,,,,,,,801792
207,vision_encoder.backbone.layer.1.attention.q_proj,GEMM_W8A16,rtl_gemm,460816,213248,,1088,12528,12528,208896,208896,153944064,272,400896,589824,400896
208,vision_encoder.backbone.layer.1.attention.k_proj,GEMM_W8A16,rtl_gemm,448288,213248,,1088,12528,12528,208896,208896,153944064,272,400896,589824,400896
209,vision_encoder.backbone.layer.1.attention.v_proj,GEMM_W8A16,rtl_gemm,460816,213248,,1088,12528,12528,208896,208896,153944064,272,400896,589824,400896
210,vision_encoder.backbone.layer.1.attention.o_proj,GEMM_W8A16,rtl_gemm,460816,213248,,1088,12528,12528,208896,208896,153944064,272,400896,589824,400896
211,vision_encoder.backbone.layer.1.norm2,LAYER_NORM,rtl_vector,100224,,100224,,,,,,,,,,801792
212,vision_encoder.backbone.layer.1.mlp.up_proj,GEMM_W8A16,rtl_gemm,1843264,852992,,4352,50112,50112,835584,835584,615776256,1088,400896,2359296,1603584
213,vision_encoder.backbone.layer.1.mlp.down_proj,GEMM_W8A16,rtl_gemm,1714192,839936,,1088,12528,12528,835584,835584,615776256,272,1603584,2359296,400896
214,vision_encoder.backbone.layer.2.norm1,LAYER_NORM,rtl_vector,100224,,100224,,,,,,,,,,801792
215,vision_encoder.backbone.layer.2.attention.q_proj,GEMM_W8A16,rtl_gemm,460816,213248,,1088,12528,12528,208896,208896,153944064,272,400896,589824,400896
216,vision_encoder.backbone.layer.2.attention.k_proj,GEMM_W8A16,rtl_gemm,448288,213248,,1088,12528,12528,208896,208896,153944064,272,400896,589824,400896
217,vision_encoder.backbone.layer.2.attention.v_proj,GEMM_W8A16,rtl_gemm,460816,213248,,1088,12528,12528,208896,208896,153944064,272,400896,589824,400896
218,vision_encoder.backbone.layer.2.attention.o_proj,GEMM_W8A16,rtl_gemm,460816,213248,,1088,12528,12528,208896,208896,153944064,272,400896,589824,400896
219,vision_encoder.backbone.layer.2.norm2,LAYER_NORM,rtl_vector,100224,,100224,,,,,,,,,,801792
220,vision_encoder.backbone.layer.2.mlp.up_proj,GEMM_W8A16,rtl_gemm,1843264,852992,,4352,50112,50112,835584,835584,615776256,1088,400896,2359296,1603584
221,vision_encoder.backbone.layer.2.mlp.down_proj,GEMM_W8A16,rtl_gemm,1714192,839936,,1088,12528,12528,835584,835584,615776256,272,1603584,2359296,400896
222,vision_encoder.backbone.layer.3.norm1,LAYER_NORM,rtl_vector,100224,,100224,,,,,,,,,,801792
223,vision_encoder.backbone.layer.3.attention.q_proj,GEMM_W8A16,rtl_gemm,460816,213248,,1088,12528,12528,208896,208896,153944064,272,400896,589824,400896
224,vision_encoder.backbone.layer.3.attention.k_proj,GEMM_W8A16,rtl_gemm,448288,213248,,1088,12528,12528,208896,208896,153944064,272,400896,589824,400896
225,vision_encoder.backbone.layer.3.attention.v_proj,GEMM_W8A16,rtl_gemm,460816,213248,,1088,12528,12528,208896,208896,153944064,272,400896,589824,400896
226,vision_encoder.backbone.layer.3.attention.o_proj,GEMM_W8A16,rtl_gemm,460816,213248,,1088,12528,12528,208896,208896,153944064,272,400896,589824,400896
227,vision_encoder.backbone.layer.3.norm2,LAYER_NORM,rtl_vector,100224,,100224,,,,,,,,,,801792
228,vision_encoder.backbone.layer.3.mlp.up_proj,GEMM_W8A16,rtl_gemm,1843264,852992,,4352,50112,50112,835584,835584,615776256,1088,400896,2359296,1603584
229,vision_encoder.backbone.layer.3.mlp.down_proj,GEMM_W8A16,rtl_gemm,1714192,839936,,1088,12528,12528,835584,835584,615776256,272,1603584,2359296,400896
230,vision_encoder.backbone.layer.4.norm1,LAYER_NORM,rtl_vector,100224,,100224,,,,,,,,,,801792
231,vision_encoder.backbone.layer.4.attention.q_proj,GEMM_W8A16,rtl_gemm,460816,213248,,1088,12528,12528,208896,208896,153944064,272,400896,589824,400896
232,vision_encoder.backbone.layer.4.attention.k_proj,GEMM_W8A16,rtl_gemm,448288,213248,,1088,12528,12528,208896,208896,153944064,272,400896,589824,400896
233,vision_encoder.backbone.layer.4.attention.v_proj,GEMM_W8A16,rtl_gemm,460816,213248,,1088,12528,12528,208896,208896,153944064,272,400896,589824,400896
234,vision_encoder.backbone.layer.4.attention.o_proj,GEMM_W8A16,rtl_gemm,460816,213248,,1088,12528,12528,208896,208896,153944064,272,400896,589824,400896
235,vision_encoder.backbone.layer.4.norm2,LAYER_NORM,rtl_vector,100224,,100224,,,,,,,,,,801792
236,vision_encoder.backbone.layer.4.mlp.up_proj,GEMM_W8A16,rtl_gemm,1843264,852992,,4352,50112,50112,835584,835584,615776256,1088,400896,2359296,1603584
237,vision_encoder.backbone.layer.4.mlp.down_proj,GEMM_W8A16,rtl_gemm,1714192,839936,,1088,12528,12528,835584,835584,615776256,272,1603584,2359296,400896
238,vision_encoder.backbone.layer.5.norm1,LAYER_NORM,rtl_vector,100224,,100224,,,,,,,,,,801792
239,vision_encoder.backbone.layer.5.attention.q_proj,GEMM_W8A16,rtl_gemm,460816,213248,,1088,12528,12528,208896,208896,153944064,272,400896,589824,400896
240,vision_encoder.backbone.layer.5.attention.k_proj,GEMM_W8A16,rtl_gemm,448288,213248,,1088,12528,12528,208896,208896,153944064,272,400896,589824,400896
241,vision_encoder.backbone.layer.5.attention.v_proj,GEMM_W8A16,rtl_gemm,460816,213248,,1088,12528,12528,208896,208896,153944064,272,400896,589824,400896
242,vision_encoder.backbone.layer.5.attention.o_proj,GEMM_W8A16,rtl_gemm,460816,213248,,1088,12528,12528,208896,208896,153944064,272,400896,589824,400896
243,vision_encoder.backbone.layer.5.norm2,LAYER_NORM,rtl_vector,100224,,100224,,,,,,,,,,801792
244,vision_encoder.backbone.layer.5.mlp.up_proj,GEMM_W8A16,rtl_gemm,1843264,852992,,4352,50112,50112,835584,835584,615776256,1088,400896,2359296,1603584
245,vision_encoder.backbone.layer.5.mlp.down_proj,GEMM_W8A16,rtl_gemm,1714192,839936,,1088,12528,12528,835584,835584,615776256,272,1603584,2359296,400896
246,vision_encoder.backbone.layer.6.norm1,LAYER_NORM,rtl_vector,100224,,100224,,,,,,,,,,801792
247,vision_encoder.backbone.layer.6.attention.q_proj,GEMM_W8A16,rtl_gemm,460816,213248,,1088,12528,12528,208896,208896,153944064,272,400896,589824,400896
248,vision_encoder.backbone.layer.6.attention.k_proj,GEMM_W8A16,rtl_gemm,448288,213248,,1088,12528,12528,208896,208896,153944064,272,400896,589824,400896
249,vision_encoder.backbone.layer.6.attention.v_proj,GEMM_W8A16,rtl_gemm,460816,213248,,1088,12528,12528,208896,208896,153944064,272,400896,589824,400896
250,vision_encoder.backbone.layer.6.attention.o_proj,GEMM_W8A16,rtl_gemm,460816,213248,,1088,12528,12528,208896,208896,153944064,272,400896,589824,400896
251,vision_encoder.backbone.layer.6.norm2,LAYER_NORM,rtl_vector,100224,,100224,,,,,,,,,,801792
252,vision_encoder.backbone.layer.6.mlp.up_proj,GEMM_W8A16,rtl_gemm,1843264,852992,,4352,50112,50112,835584,835584,615776256,1088,400896,2359296,1603584
253,vision_encoder.backbone.layer.6.mlp.down_proj,GEMM_W8A16,rtl_gemm,1714192,839936,,1088,12528,12528,835584,835584,615776256,272,1603584,2359296,400896
254,vision_encoder.backbone.layer.7.norm1,LAYER_NORM,rtl_vector,100224,,100224,,,,,,,,,,801792
255,vision_encoder.backbone.layer.7.attention.q_proj,GEMM_W8A16,rtl_gemm,460816,213248,,1088,12528,12528,208896,208896,153944064,272,400896,589824,400896
256,vision_encoder.backbone.layer.7.attention.k_proj,GEMM_W8A16,rtl_gemm,448288,213248,,1088,12528,12528,208896,208896,153944064,272,400896,589824,400896
257,vision_encoder.backbone.layer.7.attention.v_proj,GEMM_W8A16,rtl_gemm,460816,213248,,1088,12528,12528,208896,208896,153944064,272,400896,589824,400896
258,vision_encoder.backbone.layer.7.attention.o_proj,GEMM_W8A16,rtl_gemm,460816,213248,,1088,12528,12528,208896,208896,153944064,272,400896,589824,400896
259,vision_encoder.backbone.layer.7.norm2,LAYER_NORM,rtl_vector,100224,,100224,,,,,,,,,,801792
260,vision_encoder.backbone.layer.7.mlp.up_proj,GEMM_W8A16,rtl_gemm,1843264,852992,,4352,50112,50112,835584,835584,615776256,1088,400896,2359296,1603584
261,vision_encoder.backbone.layer.7.mlp.down_proj,GEMM_W8A16,rtl_gemm,1714192,839936,,1088,12528,12528,835584,835584,615776256,272,1603584,2359296,400896
262,vision_encoder.backbone.layer.8.norm1,LAYER_NORM,rtl_vector,100224,,100224,,,,,,,,,,801792
263,vision_encoder.backbone.layer.8.attention.q_proj,GEMM_W8A16,rtl_gemm,460816,213248,,1088,12528,12528,208896,208896,153944064,272,400896,589824,400896
264,vision_encoder.backbone.layer.8.attention.k_proj,GEMM_W8A16,rtl_gemm,448288,213248,,1088,12528,12528,208896,208896,153944064,272,400896,589824,400896
265,vision_encoder.backbone.layer.8.attention.v_proj,GEMM_W8A16,rtl_gemm,460816,213248,,1088,12528,12528,208896,208896,153944064,272,400896,589824,400896
266,vision_encoder.backbone.layer.8.attention.o_proj,GEMM_W8A16,rtl_gemm,460816,213248,,1088,12528,12528,208896,208896,153944064,272,400896,589824,400896
267,vision_encoder.backbone.layer.8.norm2,LAYER_NORM,rtl_vector,100224,,100224,,,,,,,,,,801792
268,vision_encoder.backbone.layer.8.mlp.up_proj,GEMM_W8A16,rtl_gemm,1843264,852992,,4352,50112,50112,835584,835584,615776256,1088,400896,2359296,1603584
269,vision_encoder.backbone.layer.8.mlp.down_proj,GEMM_W8A16,rtl_gemm,1714192,839936,,1088,12528,12528,835584,835584,615776256,272,1603584,2359296,400896
270,vision_encoder.backbone.layer.9.norm1,LAYER_NORM,rtl_vector,100224,,100224,,,,,,,,,,801792
271,vision_encoder.backbone.layer.9.attention.q_proj,GEMM_W8A16,rtl_gemm,460816,213248,,1088,12528,12528,208896,208896,153944064,272,400896,589824,400896
272,vision_encoder.backbone.layer.9.attention.k_proj,GEMM_W8A16,rtl_gemm,448288,213248,,1088,12528,12528,208896,208896,153944064,272,400896,589824,400896
273,vision_encoder.backbone.layer.9.attention.v_proj,GEMM_W8A16,rtl_gemm,460816,213248,,1088,12528,12528,208896,208896,153944064,272,400896,589824,400896
274,vision_encoder.backbone.layer.9.attention.o_proj,GEMM_W8A16,rtl_gemm,460816,213248,,1088,12528,12528,208896,208896,153944064,272,400896,589824,400896
275,vision_encoder.backbone.layer.9.norm2,LAYER_NORM,rtl_vector,100224,,100224,,,,,,,,,,801792
276,vision_encoder.backbone.layer.9.mlp.up_proj,GEMM_W8A16,rtl_gemm,1843264,852992,,4352,50112,50112,835584,835584,615776256,1088,400896,2359296,1603584
277,vision_encoder.backbone.layer.9.mlp.down_proj,GEMM_W8A16,rtl_gemm,1714192,839936,,1088,12528,12528,835584,835584,615776256,272,1603584,2359296,400896
278,vision_encoder.backbone.layer.10.norm1,LAYER_NORM,rtl_vector,100224,,100224,,,,,,,,,,801792
279,vision_encoder.backbone.layer.10.attention.q_proj,GEMM_W8A16,rtl_gemm,460816,213248,,1088,12528,12528,208896,208896,153944064,272,400896,589824,400896
280,vision_encoder.backbone.layer.10.attention.k_proj,GEMM_W8A16,rtl_gemm,448288,213248,,1088,12528,12528,208896,208896,153944064,272,400896,589824,400896
281,vision_encoder.backbone.layer.10.attention.v_proj,GEMM_W8A16,rtl_gemm,460816,213248,,1088,12528,12528,208896,208896,153944064,272,400896,589824,400896
282,vision_encoder.backbone.layer.10.attention.o_proj,GEMM_W8A16,rtl_gemm,460816,213248,,1088,12528,12528,208896,208896,153944064,272,400896,589824,400896
283,vision_encoder.backbone.layer.10.norm2,LAYER_NORM,rtl_vector,100224,,100224,,,,,,,,,,801792
284,vision_encoder.backbone.layer.10.mlp.up_proj,GEMM_W8A16,rtl_gemm,1843264,852992,,4352,50112,50112,835584,835584,615776256,1088,400896,2359296,1603584
285,vision_encoder.backbone.layer.10.mlp.down_proj,GEMM_W8A16,rtl_gemm,1714192,839936,,1088,12528,12528,835584,835584,615776256,272,1603584,2359296,400896
286,vision_encoder.backbone.layer.11.norm1,LAYER_NORM,rtl_vector,100224,,100224,,,,,,,,,,801792
287,vision_encoder.backbone.layer.11.attention.q_proj,GEMM_W8A16,rtl_gemm,460816,213248,,1088,12528,12528,208896,208896,153944064,272,400896,589824,400896
288,vision_encoder.backbone.layer.11.attention.k_proj,GEMM_W8A16,rtl_gemm,448288,213248,,1088,12528,12528,208896,208896,153944064,272,400896,589824,400896
289,vision_encoder.backbone.layer.11.attention.v_proj,GEMM_W8A16,rtl_gemm,460816,213248,,1088,12528,12528,208896,208896,153944064,272,400896,589824,400896
290,vision_encoder.backbone.layer.11.attention.o_proj,GEMM_W8A16,rtl_gemm,460816,213248,,1088,12528,12528,208896,208896,153944064,272,400896,589824,400896
291,vision_encoder.backbone.layer.11.norm2,LAYER_NORM,rtl_vector,100224,,100224,,,,,,,,,,801792
292,vision_encoder.backbone.layer.11.mlp.up_proj,GEMM_W8A16,rtl_gemm,1843264,852992,,4352,50112,50112,835584,835584,615776256,1088,400896,2359296,1603584
293,vision_encoder.backbone.layer.11.mlp.down_proj,GEMM_W8A16,rtl_gemm,1714192,839936,,1088,12528,12528,835584,835584,615776256,272,1603584,2359296,400896
294,vision_encoder.backbone.norm,LAYER_NORM,rtl_vector,100224,,100224,,,,,,,,,,801792
295,vision_projection.skip,GEMM_W8A16,rtl_gemm,315136,150528,,768,8192,8192,147456,147456,100663296,192,786432,196608,262144
296,vision_projection.input_norm,LAYER_NORM,rtl_vector,196608,,196608,,,,,,,,,,1572864
297,vision_projection.mlp.0,GEMM_W8A16,rtl_gemm,1193728,551936,,2816,32768,32768,540672,540672,402653184,704,786432,786432,1048576
298,vision_projection.mlp.1,GELU,rtl_vector,163840,,163840,,,,,,,,,,2097152
299,vision_projection.mlp.3,GEMM_W8A16,rtl_gemm,421632,199680,,768,8192,8192,196608,196608,134217728,192,1048576,262144,262144
300,vision_projection.output_norm,LAYER_NORM,rtl_vector,65536,,65536,,,,,,,,,,524288
301,vision_language_interaction.fusion_layers.0.layer_norm_v,LAYER_NORM,rtl_vector,65536,,65536,,,,,,,,,,524288
302,vision_language_interaction.fusion_layers.0.layer_norm_l,LAYER_NORM,rtl_vector,2688,,2688,,,,,,,,,,21504
303,vision_language_interaction.fusion_layers.0.attn.v_proj,GEMM_W8A16,rtl_gemm,472832,191488,,2816,32768,32768,180224,180224,134217728,704,262144,262144,1048576
304,vision_language_interaction.fusion_layers.0.attn.l_proj,GEMM_W8A16,rtl_gemm,27100,11968,,176,1344,1344,10924,10924,5505024,44,10752,262144,43008
305,vision_language_interaction.fusion_layers.0.attn.values_v_proj,GEMM_W8A16,rtl_gemm,472832,191488,,2816,32768,32768,180224,180224,134217728,704,262144,262144,1048576
306,vision_language_interaction.fusion_layers.0.attn.values_l_proj,GEMM_W8A16,rtl_gemm,27100,11968,,176,1344,1344,10924,10924,5505024,44,10752,262144,43008
307,vision_language_interaction.fusion_layers.0.attn.out_v_proj,GEMM_W8A16,rtl_gemm,421632,199680,,768,8192,8192,196608,196608,134217728,192,1048576,262144,262144
308,vision_language_interaction.fusion_layers.0.attn.out_l_proj,GEMM_W8A16,rtl_gemm,24460,12480,,48,336,336,10924,10924,5505024,12,43008,262144,10752
309,vision_language_interaction.text_layers.0.self_attn,AUX_EVENT,aux_behavior,3360,,3360,,,,,,,,,,21504
310,vision_language_interaction.text_layers.0.norm1,LAYER_NORM,rtl_vector,2688,,2688,,,,,,,,,,21504
311,vision_language_interaction.text_layers.0.linear1,GEMM_W8A16,rtl_gemm,27100,11968,,176,1344,1344,10924,10924,5505024,44,10752,262144,43008
312,vision_language_interaction.text_layers.0.linear2,GEMM_W8A16,rtl_gemm,24460,12480,,48,336,336,10924,10924,5505024,12,43008,262144,10752
313,vision_language_interaction.text_layers.0.norm2,LAYER_NORM,rtl_vector,2688,,2688,,,,,,,,,,21504
314,vision_language_interaction.fusion_layers.1.layer_norm_v,LAYER_NORM,rtl_vector,65536,,65536,,,,,,,,,,524288
315,vision_language_interaction.fusion_layers.1.layer_norm_l,LAYER_NORM,rtl_vector,2688,,2688,,,,,,,,,,21504
316,vision_language_interaction.fusion_layers.1.attn.v_proj,GEMM_W8A16,rtl_gemm,472832,191488,,2816,32768,32768,180224,180224,134217728,704,262144,262144,1048576
317,vision_language_interaction.fusion_layers.1.attn.l_proj,GEMM_W8A16,rtl_gemm,27100,11968,,176,1344,1344,10924,10924,5505024,44,10752,262144,43008
318,vision_language_interaction.fusion_layers.1.attn.values_v_proj,GEMM_W8A16,rtl_gemm,472832,191488,,2816,32768,32768,180224,180224,134217728,704,262144,262144,1048576
319,vision_language_interaction.fusion_layers.1.attn.values_l_proj,GEMM_W8A16,rtl_gemm,27100,11968,,176,1344,1344,10924,10924,5505024,44,10752,262144,43008
320,vision_language_interaction.fusion_layers.1.attn.out_v_proj,GEMM_W8A16,rtl_gemm,421632,199680,,768,8192,8192,196608,196608,134217728,192,1048576,262144,262144
321,vision_language_interaction.fusion_layers.1.attn.out_l_proj,GEMM_W8A16,rtl_gemm,24460,12480,,48,336,336,10924,10924,5505024,12,43008,262144,10752
322,vision_language_interaction.text_layers.1.self_attn,AUX_EVENT,aux_behavior,3360,,3360,,,,,,,,,,21504
323,vision_language_interaction.text_layers.1.norm1,LAYER_NORM,rtl_vector,2688,,2688,,,,,,,,,,21504
324,vision_language_interaction.text_layers.1.linear1,GEMM_W8A16,rtl_gemm,27100,11968,,176,1344,1344,10924,10924,5505024,44,10752,262144,43008
325,vision_language_interaction.text_layers.1.linear2,GEMM_W8A16,rtl_gemm,24460,12480,,48,336,336,10924,10924,5505024,12,43008,262144,10752
326,vision_language_interaction.text_layers.1.norm2,LAYER_NORM,rtl_vector,2688,,2688,,,,,,,,,,21504
327,vision_language_interaction.fusion_layers.2.layer_norm_v,LAYER_NORM,rtl_vector,65536,,65536,,,,,,,,,,524288
328,vision_language_interaction.fusion_layers.2.layer_norm_l,LAYER_NORM,rtl_vector,2688,,2688,,,,,,,,,,21504
329,vision_language_interaction.fusion_layers.2.attn.v_proj,GEMM_W8A16,rtl_gemm,472832,191488,,2816,32768,32768,180224,180224,134217728,704,262144,262144,1048576
330,vision_language_interaction.fusion_layers.2.attn.l_proj,GEMM_W8A16,rtl_gemm,27100,11968,,176,1344,1344,10924,10924,5505024,44,10752,262144,43008
331,vision_language_interaction.fusion_layers.2.attn.values_v_proj,GEMM_W8A16,rtl_gemm,472832,191488,,2816,32768,32768,180224,180224,134217728,704,262144,262144,1048576
332,vision_language_interaction.fusion_layers.2.attn.values_l_proj,GEMM_W8A16,rtl_gemm,27100,11968,,176,1344,1344,10924,10924,5505024,44,10752,262144,43008
333,vision_language_interaction.fusion_layers.2.attn.out_v_proj,GEMM_W8A16,rtl_gemm,421632,199680,,768,8192,8192,196608,196608,134217728,192,1048576,262144,262144
334,vision_language_interaction.fusion_layers.2.attn.out_l_proj,GEMM_W8A16,rtl_gemm,24460,12480,,48,336,336,10924,10924,5505024,12,43008,262144,10752
335,vision_language_interaction.text_layers.2.self_attn,AUX_EVENT,aux_behavior,3360,,3360,,,,,,,,,,21504
336,vision_language_interaction.text_layers.2.norm1,LAYER_NORM,rtl_vector,2688,,2688,,,,,,,,,,21504
337,vision_language_interaction.text_layers.2.linear1,GEMM_W8A16,rtl_gemm,27100,11968,,176,1344,1344,10924,10924,5505024,44,10752,262144,43008
338,vision_language_interaction.text_layers.2.linear2,GEMM_W8A16,rtl_gemm,24460,12480,,48,336,336,10924,10924,5505024,12,43008,262144,10752
339,vision_language_interaction.text_layers.2.norm2,LAYER_NORM,rtl_vector,2688,,2688,,,,,,,,,,21504
340,vision_language_interaction.fusion_layers.3.layer_norm_v,LAYER_NORM,rtl_vector,65536,,65536,,,,,,,,,,524288
341,vision_language_interaction.fusion_layers.3.layer_norm_l,LAYER_NORM,rtl_vector,2688,,2688,,,,,,,,,,21504
342,vision_language_interaction.fusion_layers.3.attn.v_proj,GEMM_W8A16,rtl_gemm,472832,191488,,2816,32768,32768,180224,180224,134217728,704,262144,262144,1048576
343,vision_language_interaction.fusion_layers.3.attn.l_proj,GEMM_W8A16,rtl_gemm,27100,11968,,176,1344,1344,10924,10924,5505024,44,10752,262144,43008
344,vision_language_interaction.fusion_layers.3.attn.values_v_proj,GEMM_W8A16,rtl_gemm,472832,191488,,2816,32768,32768,180224,180224,134217728,704,262144,262144,1048576
345,vision_language_interaction.fusion_layers.3.attn.values_l_proj,GEMM_W8A16,rtl_gemm,27100,11968,,176,1344,1344,10924,10924,5505024,44,10752,262144,43008
346,vision_language_interaction.fusion_layers.3.attn.out_v_proj,GEMM_W8A16,rtl_gemm,421632,199680,,768,8192,8192,196608,196608,134217728,192,1048576,262144,262144
347,vision_language_interaction.fusion_layers.3.attn.out_l_proj,GEMM_W8A16,rtl_gemm,24460,12480,,48,336,336,10924,10924,5505024,12,43008,262144,10752
348,vision_language_interaction.text_layers.3.self_attn,AUX_EVENT,aux_behavior,3360,,3360,,,,,,,,,,21504
349,vision_language_interaction.text_layers.3.norm1,LAYER_NORM,rtl_vector,2688,,2688,,,,,,,,,,21504
350,vision_language_interaction.text_layers.3.linear1,GEMM_W8A16,rtl_gemm,27100,11968,,176,1344,1344,10924,10924,5505024,44,10752,262144,43008
351,vision_language_interaction.text_layers.3.linear2,GEMM_W8A16,rtl_gemm,24460,12480,,48,336,336,10924,10924,5505024,12,43008,262144,10752
352,vision_language_interaction.text_layers.3.norm2,LAYER_NORM,rtl_vector,2688,,2688,,,,,,,,,,21504
353,vision_language_interaction.fusion_layers.4.layer_norm_v,LAYER_NORM,rtl_vector,65536,,65536,,,,,,,,,,524288
354,vision_language_interaction.fusion_layers.4.layer_norm_l,LAYER_NORM,rtl_vector,2688,,2688,,,,,,,,,,21504
355,vision_language_interaction.fusion_layers.4.attn.v_proj,GEMM_W8A16,rtl_gemm,472832,191488,,2816,32768,32768,180224,180224,134217728,704,262144,262144,1048576
356,vision_language_interaction.fusion_layers.4.attn.l_proj,GEMM_W8A16,rtl_gemm,27100,11968,,176,1344,1344,10924,10924,5505024,44,10752,262144,43008
357,vision_language_interaction.fusion_layers.4.attn.values_v_proj,GEMM_W8A16,rtl_gemm,472832,191488,,2816,32768,32768,180224,180224,134217728,704,262144,262144,1048576
358,vision_language_interaction.fusion_layers.4.attn.values_l_proj,GEMM_W8A16,rtl_gemm,27100,11968,,176,1344,1344,10924,10924,5505024,44,10752,262144,43008
359,vision_language_interaction.fusion_layers.4.attn.out_v_proj,GEMM_W8A16,rtl_gemm,421632,199680,,768,8192,8192,196608,196608,134217728,192,1048576,262144,262144
360,vision_language_interaction.fusion_layers.4.attn.out_l_proj,GEMM_W8A16,rtl_gemm,24460,12480,,48,336,336,10924,10924,5505024,12,43008,262144,10752
361,vision_language_interaction.text_layers.4.self_attn,AUX_EVENT,aux_behavior,3360,,3360,,,,,,,,,,21504
362,vision_language_interaction.text_layers.4.norm1,LAYER_NORM,rtl_vector,2688,,2688,,,,,,,,,,21504
363,vision_language_interaction.text_layers.4.linear1,GEMM_W8A16,rtl_gemm,27100,11968,,176,1344,1344,10924,10924,5505024,44,10752,262144,43008
364,vision_language_interaction.text_layers.4.linear2,GEMM_W8A16,rtl_gemm,24460,12480,,48,336,336,10924,10924,5505024,12,43008,262144,10752
365,vision_language_interaction.text_layers.4.norm2,LAYER_NORM,rtl_vector,2688,,2688,,,,,,,,,,21504
366,vision_language_interaction.fusion_layers.5.layer_norm_v,LAYER_NORM,rtl_vector,65536,,65536,,,,,,,,,,524288
367,vision_language_interaction.fusion_layers.5.layer_norm_l,LAYER_NORM,rtl_vector,2688,,2688,,,,,,,,,,21504
368,vision_language_interaction.fusion_layers.5.attn.v_proj,GEMM_W8A16,rtl_gemm,472832,191488,,2816,32768,32768,180224,180224,134217728,704,262144,262144,1048576
369,vision_language_interaction.fusion_layers.5.attn.l_proj,GEMM_W8A16,rtl_gemm,27100,11968,,176,1344,1344,10924,10924,5505024,44,10752,262144,43008
370,vision_language_interaction.fusion_layers.5.attn.values_v_proj,GEMM_W8A16,rtl_gemm,472832,191488,,2816,32768,32768,180224,180224,134217728,704,262144,262144,1048576
371,vision_language_interaction.fusion_layers.5.attn.values_l_proj,GEMM_W8A16,rtl_gemm,27100,11968,,176,1344,1344,10924,10924,5505024,44,10752,262144,43008
372,vision_language_interaction.fusion_layers.5.attn.out_v_proj,GEMM_W8A16,rtl_gemm,421632,199680,,768,8192,8192,196608,196608,134217728,192,1048576,262144,262144
373,vision_language_interaction.fusion_layers.5.attn.out_l_proj,GEMM_W8A16,rtl_gemm,24460,12480,,48,336,336,10924,10924,5505024,12,43008,262144,10752
374,vision_language_interaction.text_layers.5.self_attn,AUX_EVENT,aux_behavior,3360,,3360,,,,,,,,,,21504
375,vision_language_interaction.text_layers.5.norm1,LAYER_NORM,rtl_vector,2688,,2688,,,,,,,,,,21504
376,vision_language_interaction.text_layers.5.linear1,GEMM_W8A16,rtl_gemm,27100,11968,,176,1344,1344,10924,10924,5505024,44,10752,262144,43008
377,vision_language_interaction.text_layers.5.linear2,GEMM_W8A16,rtl_gemm,24460,12480,,48,336,336,10924,10924,5505024,12,43008,262144,10752
378,vision_language_interaction.text_layers.5.norm2,LAYER_NORM,rtl_vector,2688,,2688,,,,,,,,,,21504
379,action_head.state_projection.net.0,LAYER_NORM,rtl_vector,16,,16,,,,,,,,,,32
380,action_head.state_projection.net.1,GEMM_W8A16,rtl_gemm,259,144,,24,16,16,43,43,2048,6,16,2048,512
381,action_head.state_projection.net.2,GELU,rtl_vector,80,,80,,,,,,,,,,1024
382,action_head.state_projection.net.4,GEMM_W8A16,rtl_gemm,5863,2992,,44,32,32,2731,2731,131072,11,512,131072,1024
383,action_head.state_projection.output_norm,LAYER_NORM,rtl_vector,256,,256,,,,,,,,,,2048
384,action_head.decoder.decoder.layers.0.norm1,LAYER_NORM,rtl_vector,1536,,1536,,,,,,,,,,12288
385,action_head.decoder.decoder.layers.0.self_attn,AUX_EVENT,aux_behavior,1920,,1920,,,,,,,,,,12288
386,action_head.decoder.decoder.layers.0.norm2,LAYER_NORM,rtl_vector,1536,,1536,,,,,,,,,,12288
387,action_head.decoder.decoder.layers.0.multihead_attn,AUX_EVENT,aux_behavior,1920,,1920,,,,,,,,,,12288
388,action_head.decoder.decoder.layers.0.norm3,LAYER_NORM,rtl_vector,1536,,1536,,,,,,,,,,12288
389,action_head.decoder.decoder.layers.0.linear1,GEMM_W8A16,rtl_gemm,27399,11696,,172,1536,1536,10923,10923,6291456,43,6144,524288,49152
390,action_head.decoder.decoder.layers.0.linear2,GEMM_W8A16,rtl_gemm,23907,12384,,24,192,192,10923,10923,6291456,6,49152,524288,6144
391,action_head.decoder.decoder.layers.1.norm1,LAYER_NORM,rtl_vector,1536,,1536,,,,,,,,,,12288
392,action_head.decoder.decoder.layers.1.self_attn,AUX_EVENT,aux_behavior,1920,,1920,,,,,,,,,,12288
393,action_head.decoder.decoder.layers.1.norm2,LAYER_NORM,rtl_vector,1536,,1536,,,,,,,,,,12288
394,action_head.decoder.decoder.layers.1.multihead_attn,AUX_EVENT,aux_behavior,1920,,1920,,,,,,,,,,12288
395,action_head.decoder.decoder.layers.1.norm3,LAYER_NORM,rtl_vector,1536,,1536,,,,,,,,,,12288
396,action_head.decoder.decoder.layers.1.linear1,GEMM_W8A16,rtl_gemm,27399,11696,,172,1536,1536,10923,10923,6291456,43,6144,524288,49152
397,action_head.decoder.decoder.layers.1.linear2,GEMM_W8A16,rtl_gemm,23907,12384,,24,192,192,10923,10923,6291456,6,49152,524288,6144
398,action_head.decoder.decoder.layers.2.norm1,LAYER_NORM,rtl_vector,1536,,1536,,,,,,,,,,12288
399,action_head.decoder.decoder.layers.2.self_attn,AUX_EVENT,aux_behavior,1920,,1920,,,,,,,,,,12288
400,action_head.decoder.decoder.layers.2.norm2,LAYER_NORM,rtl_vector,1536,,1536,,,,,,,,,,12288
401,action_head.decoder.decoder.layers.2.multihead_attn,AUX_EVENT,aux_behavior,1920,,1920,,,,,,,,,,12288
402,action_head.decoder.decoder.layers.2.norm3,LAYER_NORM,rtl_vector,1536,,1536,,,,,,,,,,12288
403,action_head.decoder.decoder.layers.2.linear1,GEMM_W8A16,rtl_gemm,27399,11696,,172,1536,1536,10923,10923,6291456,43,6144,524288,49152
404,action_head.decoder.decoder.layers.2.linear2,GEMM_W8A16,rtl_gemm,23907,12384,,24,192,192,10923,10923,6291456,6,49152,524288,6144
405,action_head.decoder.action_projection.layers.0,GEMM_W8A16,rtl_gemm,6919,2992,,44,384,384,2731,2731,1572864,11,6144,131072,12288
406,action_head.decoder.action_projection.layers.1,GEMM_W8A16,rtl_gemm,12466,5808,,44,384,384,5462,5462,3145728,11,12288,262144,12288
407,action_head.decoder.action_projection.layers.2,GEMM_W8A16,rtl_gemm,934,528,,4,6,6,384,384,43008,1,12288,3584,168
bmm:5268,<top>,BMM_W8A16,rtl_bmm,73472,8704,,128,672,672,8192,8192,11010048,32,262144,5376,21504
bmm:5289,<top>,BMM_W8A16,rtl_bmm,113152,7104,,768,8192,8192,4032,4032,11010048,192,21504,5376,262144
bmm:5290,<top>,BMM_W8A16,rtl_bmm,50072,6336,,48,336,336,5462,5462,11010048,12,21504,131072,10752
bmm:5357,vision_language_interaction.text_layers.0.self_attn,BMM_W8A16,rtl_bmm,1552,148,,16,84,84,56,56,112896,4,882,1344,2688
bmm:5490,<top>,BMM_W8A16,rtl_bmm,73472,8704,,128,672,672,8192,8192,11010048,32,262144,5376,21504
bmm:5511,<top>,BMM_W8A16,rtl_bmm,113152,7104,,768,8192,8192,4032,4032,11010048,192,21504,5376,262144
bmm:5512,<top>,BMM_W8A16,rtl_bmm,50072,6336,,48,336,336,5462,5462,11010048,12,21504,131072,10752
bmm:5579,vision_language_interaction.text_layers.1.self_attn,BMM_W8A16,rtl_bmm,1552,148,,16,84,84,56,56,112896,4,882,1344,2688
bmm:5712,<top>,BMM_W8A16,rtl_bmm,73472,8704,,128,672,672,8192,8192,11010048,32,262144,5376,21504
bmm:5733,<top>,BMM_W8A16,rtl_bmm,113152,7104,,768,8192,8192,4032,4032,11010048,192,21504,5376,262144
bmm:5734,<top>,BMM_W8A16,rtl_bmm,50072,6336,,48,336,336,5462,5462,11010048,12,21504,131072,10752
bmm:5801,vision_language_interaction.text_layers.2.self_attn,BMM_W8A16,rtl_bmm,1552,148,,16,84,84,56,56,112896,4,882,1344,2688
bmm:5934,<top>,BMM_W8A16,rtl_bmm,73472,8704,,128,672,672,8192,8192,11010048,32,262144,5376,21504
bmm:5955,<top>,BMM_W8A16,rtl_bmm,113152,7104,,768,8192,8192,4032,4032,11010048,192,21504,5376,262144
bmm:5956,<top>,BMM_W8A16,rtl_bmm,50072,6336,,48,336,336,5462,5462,11010048,12,21504,131072,10752
bmm:6023,vision_language_interaction.text_layers.3.self_attn,BMM_W8A16,rtl_bmm,1552,148,,16,84,84,56,56,112896,4,882,1344,2688
bmm:6156,<top>,BMM_W8A16,rtl_bmm,73472,8704,,128,672,672,8192,8192,11010048,32,262144,5376,21504
bmm:6177,<top>,BMM_W8A16,rtl_bmm,113152,7104,,768,8192,8192,4032,4032,11010048,192,21504,5376,262144
bmm:6178,<top>,BMM_W8A16,rtl_bmm,50072,6336,,48,336,336,5462,5462,11010048,12,21504,131072,10752
bmm:6245,vision_language_interaction.text_layers.4.self_attn,BMM_W8A16,rtl_bmm,1552,148,,16,84,84,56,56,112896,4,882,1344,2688
bmm:6378,<top>,BMM_W8A16,rtl_bmm,73472,8704,,128,672,672,8192,8192,11010048,32,262144,5376,21504
bmm:6399,<top>,BMM_W8A16,rtl_bmm,113152,7104,,768,8192,8192,4032,4032,11010048,192,21504,5376,262144
bmm:6400,<top>,BMM_W8A16,rtl_bmm,50072,6336,,48,336,336,5462,5462,11010048,12,21504,131072,10752
bmm:6467,vision_language_interaction.text_layers.5.self_attn,BMM_W8A16,rtl_bmm,1552,148,,16,84,84,56,56,112896,4,882,1344,2688
